--
-- PostgreSQL database dump
--

\restrict vZ0Hhg2Y7dDB5vr5Ptnyfmb5V6yOfkOdXWMdDbAGTeao4WEJsWbbmDav5fQY0XF

-- Dumped from database version 18.2 (Debian 18.2-1.pgdg13+1)
-- Dumped by pg_dump version 18.2 (Debian 18.2-1.pgdg13+1)

SET statement_timeout = 0;
SET lock_timeout = 0;
SET idle_in_transaction_session_timeout = 0;
SET transaction_timeout = 0;
SET client_encoding = 'UTF8';
SET standard_conforming_strings = on;
SELECT pg_catalog.set_config('search_path', '', false);
SET check_function_bodies = false;
SET xmloption = content;
SET client_min_messages = warning;
SET row_security = off;

SET default_tablespace = '';

SET default_table_access_method = heap;

--
-- Name: audit_logs; Type: TABLE; Schema: public; Owner: postgres
--

CREATE TABLE public.audit_logs (
    id bigint NOT NULL,
    action character varying(30) NOT NULL,
    created_at timestamp(6) with time zone NOT NULL,
    role character varying(20) NOT NULL,
    target character varying(30) NOT NULL,
    target_id bigint,
    user_id bigint NOT NULL
);


ALTER TABLE public.audit_logs OWNER TO postgres;

--
-- Name: audit_logs_id_seq; Type: SEQUENCE; Schema: public; Owner: postgres
--

ALTER TABLE public.audit_logs ALTER COLUMN id ADD GENERATED BY DEFAULT AS IDENTITY (
    SEQUENCE NAME public.audit_logs_id_seq
    START WITH 1
    INCREMENT BY 1
    NO MINVALUE
    NO MAXVALUE
    CACHE 1
);


--
-- Name: auth_tokens; Type: TABLE; Schema: public; Owner: postgres
--

CREATE TABLE public.auth_tokens (
    id bigint NOT NULL,
    expires_at timestamp(6) with time zone NOT NULL,
    issued_at timestamp(6) with time zone NOT NULL,
    revoked_at timestamp(6) with time zone,
    token_hash character varying(64) NOT NULL,
    user_id bigint NOT NULL
);


ALTER TABLE public.auth_tokens OWNER TO postgres;

--
-- Name: auth_tokens_id_seq; Type: SEQUENCE; Schema: public; Owner: postgres
--

ALTER TABLE public.auth_tokens ALTER COLUMN id ADD GENERATED BY DEFAULT AS IDENTITY (
    SEQUENCE NAME public.auth_tokens_id_seq
    START WITH 1
    INCREMENT BY 1
    NO MINVALUE
    NO MAXVALUE
    CACHE 1
);


--
-- Name: categories; Type: TABLE; Schema: public; Owner: postgres
--

CREATE TABLE public.categories (
    id bigint NOT NULL,
    created_at timestamp(6) with time zone NOT NULL,
    image_filename character varying(255) NOT NULL,
    name character varying(120) NOT NULL
);


ALTER TABLE public.categories OWNER TO postgres;

--
-- Name: categories_id_seq; Type: SEQUENCE; Schema: public; Owner: postgres
--

ALTER TABLE public.categories ALTER COLUMN id ADD GENERATED BY DEFAULT AS IDENTITY (
    SEQUENCE NAME public.categories_id_seq
    START WITH 1
    INCREMENT BY 1
    NO MINVALUE
    NO MAXVALUE
    CACHE 1
);


--
-- Name: password_reset_otp; Type: TABLE; Schema: public; Owner: postgres
--

CREATE TABLE public.password_reset_otp (
    id bigint NOT NULL,
    created_at timestamp(6) with time zone NOT NULL,
    expires_at timestamp(6) with time zone NOT NULL,
    otp_hash character varying(255) NOT NULL,
    reset_token character varying(255),
    send_count integer NOT NULL,
    used boolean NOT NULL,
    user_id bigint NOT NULL,
    verify_fail_count integer NOT NULL
);


ALTER TABLE public.password_reset_otp OWNER TO postgres;

--
-- Name: password_reset_otp_id_seq; Type: SEQUENCE; Schema: public; Owner: postgres
--

ALTER TABLE public.password_reset_otp ALTER COLUMN id ADD GENERATED BY DEFAULT AS IDENTITY (
    SEQUENCE NAME public.password_reset_otp_id_seq
    START WITH 1
    INCREMENT BY 1
    NO MINVALUE
    NO MAXVALUE
    CACHE 1
);


--
-- Name: products; Type: TABLE; Schema: public; Owner: postgres
--

CREATE TABLE public.products (
    id bigint NOT NULL,
    buy_price numeric(12,2) NOT NULL,
    created_at timestamp(6) with time zone NOT NULL,
    image_filename character varying(255) NOT NULL,
    monthly_sales integer NOT NULL,
    name character varying(160) NOT NULL,
    sell_price numeric(12,2) NOT NULL,
    stock_qty integer NOT NULL,
    category_id bigint NOT NULL
);


ALTER TABLE public.products OWNER TO postgres;

--
-- Name: products_id_seq; Type: SEQUENCE; Schema: public; Owner: postgres
--

ALTER TABLE public.products ALTER COLUMN id ADD GENERATED BY DEFAULT AS IDENTITY (
    SEQUENCE NAME public.products_id_seq
    START WITH 1
    INCREMENT BY 1
    NO MINVALUE
    NO MAXVALUE
    CACHE 1
);


--
-- Name: sale_items; Type: TABLE; Schema: public; Owner: postgres
--

CREATE TABLE public.sale_items (
    id bigint NOT NULL,
    sale_id bigint NOT NULL,
    product_id bigint NOT NULL,
    product_name character varying(255) NOT NULL,
    qty integer NOT NULL,
    price numeric(12,2) NOT NULL,
    sub_total numeric(12,2) NOT NULL
);


ALTER TABLE public.sale_items OWNER TO postgres;

--
-- Name: sale_items_id_seq; Type: SEQUENCE; Schema: public; Owner: postgres
--

CREATE SEQUENCE public.sale_items_id_seq
    START WITH 1
    INCREMENT BY 1
    NO MINVALUE
    NO MAXVALUE
    CACHE 1;


ALTER SEQUENCE public.sale_items_id_seq OWNER TO postgres;

--
-- Name: sale_items_id_seq; Type: SEQUENCE OWNED BY; Schema: public; Owner: postgres
--

ALTER SEQUENCE public.sale_items_id_seq OWNED BY public.sale_items.id;


--
-- Name: sales; Type: TABLE; Schema: public; Owner: postgres
--

CREATE TABLE public.sales (
    id bigint NOT NULL,
    sold_at timestamp(6) with time zone NOT NULL,
    sold_by bigint NOT NULL,
    total_price numeric(12,2) DEFAULT 0 NOT NULL,
    user_id bigint
);


ALTER TABLE public.sales OWNER TO postgres;

--
-- Name: sales_id_seq; Type: SEQUENCE; Schema: public; Owner: postgres
--

ALTER TABLE public.sales ALTER COLUMN id ADD GENERATED BY DEFAULT AS IDENTITY (
    SEQUENCE NAME public.sales_id_seq
    START WITH 1
    INCREMENT BY 1
    NO MINVALUE
    NO MAXVALUE
    CACHE 1
);


--
-- Name: users; Type: TABLE; Schema: public; Owner: postgres
--

CREATE TABLE public.users (
    id bigint NOT NULL,
    created_at timestamp(6) with time zone NOT NULL,
    email character varying(160) NOT NULL,
    enabled boolean NOT NULL,
    last_login_at timestamp(6) with time zone,
    password character varying(255) NOT NULL,
    role character varying(20) NOT NULL,
    username character varying(80) NOT NULL
);


ALTER TABLE public.users OWNER TO postgres;

--
-- Name: users_id_seq; Type: SEQUENCE; Schema: public; Owner: postgres
--

ALTER TABLE public.users ALTER COLUMN id ADD GENERATED BY DEFAULT AS IDENTITY (
    SEQUENCE NAME public.users_id_seq
    START WITH 1
    INCREMENT BY 1
    NO MINVALUE
    NO MAXVALUE
    CACHE 1
);


--
-- Name: sale_items id; Type: DEFAULT; Schema: public; Owner: postgres
--

ALTER TABLE ONLY public.sale_items ALTER COLUMN id SET DEFAULT nextval('public.sale_items_id_seq'::regclass);


--
-- Data for Name: audit_logs; Type: TABLE DATA; Schema: public; Owner: postgres
--

COPY public.audit_logs (id, action, created_at, role, target, target_id, user_id) FROM stdin;
1	UPDATE	2026-01-13 04:59:28.820653+07	STAFF	PRODUCT	19	39
2	UPDATE	2026-01-13 04:59:40.910777+07	STAFF	PRODUCT	19	39
3	UPDATE	2026-01-13 05:34:15.25938+07	STAFF	CATEGORY	25	39
4	UPDATE	2026-01-13 05:34:22.447382+07	STAFF	CATEGORY	25	39
5	CREATE	2026-01-13 05:38:38.556641+07	STAFF	PRODUCT	114	39
6	DELETE	2026-01-13 05:38:40.586406+07	STAFF	PRODUCT	114	39
7	CREATE	2026-01-13 05:39:25.145634+07	STAFF	CATEGORY	28	39
8	DELETE	2026-01-13 05:39:31.333893+07	STAFF	CATEGORY	28	39
9	SELL	2026-01-13 05:57:08.93454+07	STAFF	SALE	57	39
10	SEND_EMAIL	2026-01-13 06:06:38.412821+07	STAFF	EMAIL	\N	39
11	UPDATE	2026-01-13 07:39:22.353695+07	OWNER	CATEGORY	25	37
12	UPDATE	2026-01-13 07:39:24.266317+07	OWNER	CATEGORY	25	37
13	UPDATE	2026-01-13 07:39:26.111277+07	OWNER	CATEGORY	25	37
14	UPDATE	2026-01-13 07:39:27.800204+07	OWNER	CATEGORY	25	37
15	UPDATE	2026-01-13 07:39:29.369903+07	OWNER	CATEGORY	25	37
16	UPDATE	2026-01-13 07:39:31.612837+07	OWNER	CATEGORY	25	37
17	ADMIN_CHANGE_ROLE	2026-01-13 08:06:36.165927+07	ADMIN	USER	39	40
18	ADMIN_CHANGE_ROLE	2026-01-13 08:06:40.546789+07	ADMIN	USER	39	40
19	SEND_EMAIL	2026-01-13 09:42:54.342931+07	STAFF	EMAIL	\N	39
20	ADMIN_CHANGE_ROLE	2026-01-13 10:06:21.894214+07	ADMIN	USER	36	40
21	SELL	2026-01-13 17:38:31.542489+07	OWNER	SALE	58	37
54	CREATE	2026-01-13 18:45:50.10434+07	OWNER	CATEGORY	29	37
55	DELETE	2026-01-13 18:45:54.013571+07	OWNER	CATEGORY	29	37
56	CREATE	2026-01-13 19:27:20.013776+07	STAFF	CATEGORY	30	39
57	CREATE	2026-01-13 19:28:33.645037+07	STAFF	PRODUCT	115	39
58	UPDATE	2026-01-13 19:29:00.137458+07	STAFF	PRODUCT	19	39
59	SELL	2026-01-13 19:29:26.591538+07	STAFF	SALE	91	39
60	SEND_EMAIL	2026-01-13 19:30:13.22716+07	STAFF	EMAIL	\N	39
61	SEND_EMAIL	2026-01-13 19:30:32.19705+07	STAFF	EMAIL	\N	39
62	DELETE	2026-01-13 19:30:57.767499+07	STAFF	PRODUCT	115	39
63	SELL	2026-01-13 19:31:55.805061+07	STAFF	SALE	92	39
64	SELL	2026-01-13 19:35:03.419521+07	OWNER	SALE	93	37
65	CREATE	2026-01-13 19:35:35.229004+07	OWNER	PRODUCT	116	37
66	DELETE	2026-01-13 19:36:12.334617+07	OWNER	CATEGORY	30	37
67	ADMIN_TOGGLE_USER	2026-01-13 19:41:57.767262+07	ADMIN	USER	36	40
68	SELL	2026-01-15 19:15:51.733611+07	OWNER	SALE	94	37
69	DELETE	2026-01-15 19:16:08.191806+07	STAFF	PRODUCT	116	39
70	SEND_EMAIL	2026-01-15 19:16:27.505316+07	STAFF	EMAIL	\N	39
71	SELL	2026-02-15 00:05:55.099804+07	STAFF	SALE	95	39
72	SELL	2026-02-15 00:07:31.533329+07	STAFF	SALE	96	39
73	SELL	2026-02-15 00:07:42.904047+07	STAFF	SALE	97	39
74	SELL	2026-02-15 00:36:47.723515+07	STAFF	SALE	98	39
75	SELL	2026-02-15 00:38:00.588264+07	STAFF	SALE	99	39
76	SELL	2026-02-15 21:01:55.672783+07	OWNER	SALE	100	37
77	SELL	2026-02-15 21:17:37.147615+07	OWNER	SALE	101	37
78	SELL	2026-02-15 21:17:37.208002+07	OWNER	SALE	102	37
79	SELL	2026-02-15 21:17:37.229142+07	OWNER	SALE	103	37
80	SELL	2026-02-15 21:17:37.249872+07	OWNER	SALE	104	37
81	SELL	2026-02-15 21:17:37.260844+07	OWNER	SALE	105	37
82	SELL	2026-02-15 21:17:37.277028+07	OWNER	SALE	106	37
83	SELL	2026-02-15 21:17:37.291955+07	OWNER	SALE	107	37
84	SELL	2026-02-15 21:17:37.307043+07	OWNER	SALE	108	37
85	SELL	2026-02-15 21:17:37.3232+07	OWNER	SALE	109	37
86	SELL	2026-02-15 21:17:37.337369+07	OWNER	SALE	110	37
87	SELL	2026-02-15 21:17:37.352401+07	OWNER	SALE	111	37
88	SELL	2026-02-15 21:17:37.364666+07	OWNER	SALE	112	37
89	SELL	2026-02-15 21:17:37.379596+07	OWNER	SALE	113	37
90	SELL	2026-02-15 21:17:37.393001+07	OWNER	SALE	114	37
91	SELL	2026-02-15 21:17:37.408147+07	OWNER	SALE	115	37
92	SELL	2026-02-15 21:17:37.424925+07	OWNER	SALE	116	37
93	SELL	2026-02-15 21:17:37.436092+07	OWNER	SALE	117	37
94	SELL	2026-02-15 21:17:37.446745+07	OWNER	SALE	118	37
95	SELL	2026-02-15 21:17:37.461388+07	OWNER	SALE	119	37
96	SELL	2026-02-15 21:17:37.47497+07	OWNER	SALE	120	37
97	SELL	2026-02-15 21:17:37.483602+07	OWNER	SALE	121	37
98	SELL	2026-02-15 21:17:37.492187+07	OWNER	SALE	122	37
99	SELL	2026-02-15 21:17:37.499796+07	OWNER	SALE	123	37
100	SELL	2026-02-15 21:17:37.51567+07	OWNER	SALE	124	37
101	SELL	2026-02-15 21:17:37.525361+07	OWNER	SALE	125	37
102	SELL	2026-02-15 21:17:37.54084+07	OWNER	SALE	126	37
103	SELL	2026-02-15 21:17:37.549638+07	OWNER	SALE	127	37
104	SELL	2026-02-15 21:17:37.559683+07	OWNER	SALE	128	37
105	SELL	2026-02-15 21:17:37.57056+07	OWNER	SALE	129	37
106	SELL	2026-02-15 21:17:37.583907+07	OWNER	SALE	130	37
107	SELL	2026-02-15 21:17:37.597797+07	OWNER	SALE	131	37
108	SELL	2026-02-15 21:17:37.609536+07	OWNER	SALE	132	37
109	SELL	2026-02-15 21:17:37.620857+07	OWNER	SALE	133	37
110	SELL	2026-02-15 21:17:37.629444+07	OWNER	SALE	134	37
111	SELL	2026-02-15 21:17:37.642853+07	OWNER	SALE	135	37
112	SELL	2026-02-15 21:17:37.653503+07	OWNER	SALE	136	37
113	SELL	2026-02-15 21:17:37.661686+07	OWNER	SALE	137	37
114	SELL	2026-02-15 21:17:37.671065+07	OWNER	SALE	138	37
115	SELL	2026-02-15 21:17:37.68127+07	OWNER	SALE	139	37
116	SELL	2026-02-15 21:17:37.693461+07	OWNER	SALE	140	37
117	SELL	2026-02-15 21:17:37.705094+07	OWNER	SALE	141	37
118	SELL	2026-02-15 21:17:37.713188+07	OWNER	SALE	142	37
119	SELL	2026-02-15 21:17:37.725019+07	OWNER	SALE	143	37
120	SELL	2026-02-15 21:17:37.733097+07	OWNER	SALE	144	37
121	SELL	2026-02-15 21:17:37.744707+07	OWNER	SALE	145	37
122	SELL	2026-02-15 21:17:37.758677+07	OWNER	SALE	146	37
123	SELL	2026-02-15 21:17:37.769733+07	OWNER	SALE	147	37
124	SELL	2026-02-15 21:17:37.783607+07	OWNER	SALE	148	37
125	SELL	2026-02-15 21:17:37.795744+07	OWNER	SALE	149	37
126	SELL	2026-02-15 21:17:37.803342+07	OWNER	SALE	150	37
127	SELL	2026-02-15 21:17:37.81508+07	OWNER	SALE	151	37
128	SELL	2026-02-15 21:17:37.829875+07	OWNER	SALE	152	37
129	SELL	2026-02-15 21:17:37.841238+07	OWNER	SALE	153	37
130	SELL	2026-02-15 21:17:37.85237+07	OWNER	SALE	154	37
131	SELL	2026-02-15 21:17:37.86404+07	OWNER	SALE	155	37
132	SELL	2026-02-15 21:17:37.874768+07	OWNER	SALE	156	37
133	SELL	2026-02-15 21:17:37.885658+07	OWNER	SALE	157	37
134	SELL	2026-02-15 21:17:37.895967+07	OWNER	SALE	158	37
135	SELL	2026-02-15 21:17:37.906299+07	OWNER	SALE	159	37
136	SELL	2026-02-15 21:17:37.915805+07	OWNER	SALE	160	37
137	SELL	2026-02-15 21:17:37.925955+07	OWNER	SALE	161	37
138	SELL	2026-02-15 21:17:37.936978+07	OWNER	SALE	162	37
139	SELL	2026-02-15 21:17:37.946067+07	OWNER	SALE	163	37
140	SELL	2026-02-15 21:17:37.956172+07	OWNER	SALE	164	37
141	SELL	2026-02-15 21:17:37.969333+07	OWNER	SALE	165	37
142	SELL	2026-02-15 21:17:37.984535+07	OWNER	SALE	166	37
143	SELL	2026-02-15 21:17:37.99714+07	OWNER	SALE	167	37
144	SELL	2026-02-15 21:17:38.007727+07	OWNER	SALE	168	37
145	SELL	2026-02-15 21:17:38.019206+07	OWNER	SALE	169	37
146	SELL	2026-02-15 21:17:38.030334+07	OWNER	SALE	170	37
147	SELL	2026-02-15 21:17:38.037414+07	OWNER	SALE	171	37
148	SELL	2026-02-15 21:17:38.046033+07	OWNER	SALE	172	37
149	SELL	2026-02-15 21:17:38.057268+07	OWNER	SALE	173	37
150	SELL	2026-02-15 21:17:38.068171+07	OWNER	SALE	174	37
151	SELL	2026-02-15 21:17:38.076857+07	OWNER	SALE	175	37
152	SELL	2026-02-15 21:17:38.081752+07	OWNER	SALE	176	37
153	SELL	2026-02-15 21:17:38.090105+07	OWNER	SALE	177	37
154	SELL	2026-02-15 21:17:38.097625+07	OWNER	SALE	178	37
155	SELL	2026-02-15 21:17:38.104389+07	OWNER	SALE	179	37
156	SELL	2026-02-15 21:17:38.113196+07	OWNER	SALE	180	37
157	SELL	2026-02-15 21:17:38.121377+07	OWNER	SALE	181	37
158	SELL	2026-02-15 21:17:38.128963+07	OWNER	SALE	182	37
159	SELL	2026-02-15 21:17:38.141102+07	OWNER	SALE	183	37
160	SELL	2026-02-15 21:17:38.150198+07	OWNER	SALE	184	37
161	SELL	2026-02-15 21:17:38.161805+07	OWNER	SALE	185	37
162	SELL	2026-02-15 21:17:38.171941+07	OWNER	SALE	186	37
163	SELL	2026-02-15 21:17:38.183806+07	OWNER	SALE	187	37
164	SELL	2026-02-15 21:17:38.192356+07	OWNER	SALE	188	37
165	SELL	2026-02-15 21:17:38.200068+07	OWNER	SALE	189	37
166	UPDATE	2026-02-17 05:14:39.560934+07	STAFF	PRODUCT	19	44
167	UPDATE	2026-02-17 05:14:39.560936+07	STAFF	PRODUCT	19	44
168	UPDATE	2026-02-17 05:16:37.064332+07	STAFF	PRODUCT	18	44
169	UPDATE	2026-02-17 05:18:15.243292+07	STAFF	PRODUCT	19	44
170	UPDATE	2026-02-17 05:18:44.316891+07	STAFF	PRODUCT	19	44
171	UPDATE	2026-02-17 05:18:54.357699+07	STAFF	PRODUCT	19	44
172	UPDATE	2026-02-17 05:40:49.775608+07	OWNER	PRODUCT	18	43
173	UPDATE	2026-02-17 05:42:14.228573+07	OWNER	PRODUCT	17	43
174	UPDATE	2026-02-17 05:43:11.320154+07	OWNER	PRODUCT	17	43
175	UPDATE	2026-02-17 05:45:04.012127+07	OWNER	PRODUCT	16	43
176	UPDATE	2026-02-17 05:46:17.045966+07	OWNER	PRODUCT	15	43
177	UPDATE	2026-02-17 05:47:27.223422+07	OWNER	PRODUCT	14	43
178	UPDATE	2026-02-17 05:50:43.400798+07	OWNER	PRODUCT	13	43
179	UPDATE	2026-02-17 05:52:39.490904+07	OWNER	PRODUCT	12	43
180	UPDATE	2026-02-17 05:56:21.390575+07	OWNER	PRODUCT	12	43
181	UPDATE	2026-02-17 05:57:01.186988+07	OWNER	PRODUCT	12	43
182	UPDATE	2026-02-17 06:04:07.494779+07	OWNER	PRODUCT	11	43
183	UPDATE	2026-02-17 06:06:11.45432+07	OWNER	PRODUCT	10	43
184	UPDATE	2026-02-17 06:08:42.036434+07	STAFF	PRODUCT	29	44
185	UPDATE	2026-02-17 06:10:56.233351+07	STAFF	PRODUCT	28	44
186	UPDATE	2026-02-17 06:13:12.548824+07	STAFF	PRODUCT	29	44
187	UPDATE	2026-02-17 06:13:32.872175+07	STAFF	PRODUCT	29	44
188	UPDATE	2026-02-17 06:14:32.463113+07	STAFF	PRODUCT	27	44
189	UPDATE	2026-02-17 06:14:59.911622+07	STAFF	PRODUCT	27	44
190	UPDATE	2026-02-17 06:15:52.650171+07	STAFF	PRODUCT	26	44
191	UPDATE	2026-02-17 06:16:35.966786+07	ADMIN	PRODUCT	26	42
192	UPDATE	2026-02-17 06:17:54.393194+07	ADMIN	PRODUCT	26	42
193	UPDATE	2026-02-17 06:19:57.86689+07	ADMIN	PRODUCT	24	42
194	UPDATE	2026-02-17 06:20:20.969511+07	ADMIN	PRODUCT	24	42
195	UPDATE	2026-02-17 06:20:33.171149+07	ADMIN	PRODUCT	26	42
196	UPDATE	2026-02-17 06:20:40.060401+07	ADMIN	PRODUCT	24	42
197	UPDATE	2026-02-17 06:21:00.679535+07	ADMIN	PRODUCT	24	42
198	UPDATE	2026-02-17 06:21:04.992514+07	ADMIN	PRODUCT	26	42
199	UPDATE	2026-02-17 06:22:02.710537+07	ADMIN	PRODUCT	25	42
200	UPDATE	2026-02-17 06:22:15.483634+07	ADMIN	PRODUCT	25	42
202	UPDATE	2026-02-17 06:24:12.638864+07	STAFF	PRODUCT	23	44
201	UPDATE	2026-02-17 06:24:12.638864+07	STAFF	PRODUCT	23	44
203	UPDATE	2026-02-17 06:27:25.857795+07	STAFF	PRODUCT	22	44
204	UPDATE	2026-02-17 06:30:43.102357+07	STAFF	PRODUCT	21	44
205	UPDATE	2026-02-17 06:30:54.995934+07	STAFF	PRODUCT	21	44
206	UPDATE	2026-02-17 06:32:06.893944+07	STAFF	PRODUCT	21	44
207	UPDATE	2026-02-17 06:32:21.432461+07	STAFF	PRODUCT	21	44
208	UPDATE	2026-02-17 06:32:55.69866+07	STAFF	PRODUCT	22	44
209	UPDATE	2026-02-17 06:33:16.622535+07	STAFF	PRODUCT	22	44
210	UPDATE	2026-02-17 06:34:18.992663+07	STAFF	PRODUCT	20	44
211	UPDATE	2026-02-17 06:34:35.064509+07	STAFF	PRODUCT	20	44
212	UPDATE	2026-02-17 06:35:42.074822+07	STAFF	PRODUCT	20	44
213	UPDATE	2026-02-17 06:39:37.983529+07	OWNER	PRODUCT	39	43
214	UPDATE	2026-02-17 06:41:23.746293+07	OWNER	PRODUCT	39	43
215	UPDATE	2026-02-17 06:42:11.433644+07	OWNER	PRODUCT	38	43
216	UPDATE	2026-02-17 06:43:06.516309+07	OWNER	PRODUCT	37	43
217	UPDATE	2026-02-17 06:43:20.28341+07	OWNER	PRODUCT	37	43
218	UPDATE	2026-02-17 06:43:31.249657+07	OWNER	PRODUCT	37	43
219	UPDATE	2026-02-17 06:44:51.047654+07	OWNER	PRODUCT	37	43
220	UPDATE	2026-02-17 06:46:00.968214+07	OWNER	PRODUCT	36	43
221	UPDATE	2026-02-17 06:47:02.781401+07	OWNER	PRODUCT	35	43
222	UPDATE	2026-02-17 06:48:28.021716+07	OWNER	PRODUCT	34	43
223	UPDATE	2026-02-17 06:49:19.492537+07	OWNER	PRODUCT	34	43
224	UPDATE	2026-02-17 06:50:00.144364+07	OWNER	PRODUCT	33	43
225	UPDATE	2026-02-17 06:50:09.65921+07	OWNER	PRODUCT	33	43
226	UPDATE	2026-02-17 06:50:38.278522+07	OWNER	PRODUCT	33	43
228	UPDATE	2026-02-17 06:53:19.871234+07	OWNER	PRODUCT	32	43
229	UPDATE	2026-02-17 06:54:18.036836+07	OWNER	PRODUCT	31	43
227	UPDATE	2026-02-17 06:51:48.573304+07	OWNER	PRODUCT	32	43
230	UPDATE	2026-02-17 06:55:02.747367+07	OWNER	PRODUCT	30	43
231	UPDATE	2026-02-17 06:56:32.627449+07	OWNER	PRODUCT	48	43
232	UPDATE	2026-02-17 06:56:32.678361+07	OWNER	PRODUCT	48	43
233	UPDATE	2026-02-17 06:57:52.139883+07	OWNER	PRODUCT	47	43
234	UPDATE	2026-02-17 07:04:04.883915+07	OWNER	PRODUCT	46	43
235	UPDATE	2026-02-17 07:04:56.45684+07	OWNER	PRODUCT	45	43
236	UPDATE	2026-02-17 07:06:04.292333+07	OWNER	PRODUCT	43	43
237	UPDATE	2026-02-17 07:06:41.481944+07	OWNER	PRODUCT	42	43
238	UPDATE	2026-02-17 07:07:22.966077+07	OWNER	PRODUCT	41	43
239	UPDATE	2026-02-17 07:08:03.997198+07	OWNER	PRODUCT	40	43
240	UPDATE	2026-02-17 07:09:19.81649+07	OWNER	PRODUCT	59	43
241	UPDATE	2026-02-17 07:10:21.434611+07	OWNER	PRODUCT	58	43
242	UPDATE	2026-02-17 07:10:21.434611+07	OWNER	PRODUCT	58	43
243	UPDATE	2026-02-17 07:13:27.873568+07	OWNER	PRODUCT	57	43
244	UPDATE	2026-02-17 07:15:14.759126+07	OWNER	PRODUCT	57	43
245	UPDATE	2026-02-17 07:16:33.253584+07	OWNER	PRODUCT	56	43
246	UPDATE	2026-02-17 07:17:37.785493+07	OWNER	PRODUCT	55	43
247	UPDATE	2026-02-17 07:22:04.171126+07	OWNER	PRODUCT	55	43
248	UPDATE	2026-02-17 07:24:10.016467+07	OWNER	PRODUCT	57	43
249	UPDATE	2026-02-17 07:25:38.0301+07	OWNER	PRODUCT	54	43
250	UPDATE	2026-02-17 07:25:57.168246+07	OWNER	PRODUCT	54	43
251	UPDATE	2026-02-17 07:26:24.127777+07	OWNER	PRODUCT	54	43
252	UPDATE	2026-02-17 07:28:57.831596+07	OWNER	PRODUCT	53	43
253	UPDATE	2026-02-17 07:29:59.418241+07	OWNER	PRODUCT	52	43
254	UPDATE	2026-02-17 07:31:08.993959+07	OWNER	PRODUCT	52	43
255	UPDATE	2026-02-17 07:31:18.910021+07	OWNER	PRODUCT	52	43
256	UPDATE	2026-02-17 07:31:51.035479+07	OWNER	PRODUCT	53	43
257	UPDATE	2026-02-17 07:33:12.046222+07	OWNER	PRODUCT	51	43
258	UPDATE	2026-02-17 07:33:56.613054+07	OWNER	PRODUCT	50	43
259	UPDATE	2026-02-17 07:35:03.58801+07	OWNER	PRODUCT	64	43
260	UPDATE	2026-02-17 07:35:28.629973+07	OWNER	PRODUCT	69	43
261	UPDATE	2026-02-17 07:38:47.121039+07	STAFF	PRODUCT	68	44
262	UPDATE	2026-02-17 07:39:44.952385+07	STAFF	PRODUCT	67	44
263	UPDATE	2026-02-17 07:41:39.080432+07	STAFF	PRODUCT	66	44
264	UPDATE	2026-02-17 07:47:29.520468+07	STAFF	PRODUCT	65	44
265	UPDATE	2026-02-17 07:47:29.520463+07	STAFF	PRODUCT	65	44
266	UPDATE	2026-02-17 07:48:21.032024+07	STAFF	PRODUCT	63	44
267	UPDATE	2026-02-17 07:48:51.971265+07	STAFF	PRODUCT	63	44
268	UPDATE	2026-02-17 07:49:49.597868+07	STAFF	PRODUCT	62	44
269	UPDATE	2026-02-17 07:54:45.970075+07	STAFF	PRODUCT	62	44
270	UPDATE	2026-02-17 07:56:02.968099+07	STAFF	PRODUCT	61	44
271	UPDATE	2026-02-17 07:57:03.218108+07	STAFF	PRODUCT	60	44
272	UPDATE	2026-02-17 07:59:57.977963+07	STAFF	PRODUCT	60	44
273	UPDATE	2026-02-17 08:04:47.760936+07	STAFF	PRODUCT	79	44
274	UPDATE	2026-02-17 08:05:42.287194+07	STAFF	PRODUCT	78	44
275	UPDATE	2026-02-17 08:06:25.444023+07	STAFF	PRODUCT	78	44
276	UPDATE	2026-02-17 08:07:02.007646+07	STAFF	PRODUCT	78	44
277	UPDATE	2026-02-17 08:08:25.179436+07	STAFF	PRODUCT	78	44
278	UPDATE	2026-02-17 08:08:35.914949+07	STAFF	PRODUCT	78	44
279	UPDATE	2026-02-17 08:09:58.587161+07	STAFF	PRODUCT	77	44
280	UPDATE	2026-02-17 08:11:20.275156+07	STAFF	PRODUCT	77	44
281	UPDATE	2026-02-17 08:12:22.481303+07	STAFF	PRODUCT	76	44
282	UPDATE	2026-02-17 08:14:44.044061+07	STAFF	PRODUCT	75	44
283	UPDATE	2026-02-17 08:15:29.336594+07	STAFF	PRODUCT	75	44
284	UPDATE	2026-02-17 08:16:20.492146+07	STAFF	PRODUCT	76	44
285	UPDATE	2026-02-17 08:17:08.478547+07	STAFF	PRODUCT	74	44
286	UPDATE	2026-02-17 08:18:17.151713+07	STAFF	PRODUCT	73	44
287	UPDATE	2026-02-17 08:20:16.779772+07	STAFF	PRODUCT	72	44
288	UPDATE	2026-02-17 08:21:15.027606+07	STAFF	PRODUCT	71	44
289	UPDATE	2026-02-17 08:21:49.435379+07	STAFF	PRODUCT	70	44
290	UPDATE	2026-02-17 08:39:45.719437+07	OWNER	PRODUCT	89	43
291	UPDATE	2026-02-17 08:40:29.723264+07	OWNER	PRODUCT	88	43
292	UPDATE	2026-02-17 08:40:39.154699+07	OWNER	PRODUCT	88	43
293	UPDATE	2026-02-17 08:40:46.372107+07	OWNER	PRODUCT	88	43
294	UPDATE	2026-02-17 08:41:34.047206+07	OWNER	PRODUCT	87	43
295	UPDATE	2026-02-17 08:42:25.116693+07	OWNER	PRODUCT	86	43
296	UPDATE	2026-02-17 08:46:07.111861+07	OWNER	PRODUCT	85	43
297	UPDATE	2026-02-17 08:46:22.029776+07	OWNER	PRODUCT	85	43
298	UPDATE	2026-02-17 08:47:36.462199+07	OWNER	PRODUCT	85	43
299	UPDATE	2026-02-17 08:49:05.980512+07	OWNER	PRODUCT	84	43
300	UPDATE	2026-02-17 08:49:29.444275+07	OWNER	PRODUCT	84	43
301	UPDATE	2026-02-17 08:50:03.773646+07	OWNER	PRODUCT	84	43
302	UPDATE	2026-02-17 08:51:28.418398+07	OWNER	PRODUCT	83	43
303	UPDATE	2026-02-17 08:52:34.527172+07	OWNER	PRODUCT	82	43
304	UPDATE	2026-02-17 08:53:01.372415+07	OWNER	PRODUCT	81	43
305	UPDATE	2026-02-17 08:53:07.721273+07	OWNER	PRODUCT	80	43
306	UPDATE	2026-02-17 08:54:03.643406+07	OWNER	PRODUCT	80	43
307	UPDATE	2026-02-17 09:45:43.37844+07	OWNER	PRODUCT	11	43
308	UPDATE	2026-02-17 09:47:58.94616+07	OWNER	PRODUCT	109	43
309	UPDATE	2026-02-17 09:48:11.628724+07	OWNER	PRODUCT	109	43
310	UPDATE	2026-02-17 09:49:50.240098+07	OWNER	PRODUCT	99	43
311	UPDATE	2026-02-17 09:51:08.810694+07	OWNER	PRODUCT	98	43
312	UPDATE	2026-02-17 09:51:55.62311+07	OWNER	PRODUCT	97	43
313	UPDATE	2026-02-17 10:13:31.85572+07	OWNER	PRODUCT	96	43
314	UPDATE	2026-02-17 10:14:08.883983+07	OWNER	PRODUCT	95	43
315	UPDATE	2026-02-17 10:15:17.813567+07	OWNER	PRODUCT	94	43
316	UPDATE	2026-02-17 10:17:10.134571+07	OWNER	PRODUCT	93	43
317	UPDATE	2026-02-17 10:17:23.384793+07	OWNER	PRODUCT	93	43
318	UPDATE	2026-02-17 10:18:51.624019+07	OWNER	PRODUCT	92	43
319	UPDATE	2026-02-17 10:19:36.504638+07	OWNER	PRODUCT	91	43
320	UPDATE	2026-02-17 10:22:08.418709+07	OWNER	PRODUCT	90	43
321	UPDATE	2026-02-17 10:23:10.374064+07	OWNER	PRODUCT	108	43
322	UPDATE	2026-02-17 10:24:01.247696+07	OWNER	PRODUCT	107	43
323	UPDATE	2026-02-17 10:27:50.3854+07	OWNER	PRODUCT	106	43
324	UPDATE	2026-02-17 10:31:14.976486+07	OWNER	PRODUCT	105	43
325	UPDATE	2026-02-17 10:31:49.290736+07	OWNER	PRODUCT	105	43
326	UPDATE	2026-02-17 10:33:52.74817+07	OWNER	PRODUCT	104	43
327	UPDATE	2026-02-17 10:49:03.77733+07	STAFF	PRODUCT	103	44
328	UPDATE	2026-02-17 10:50:27.463253+07	STAFF	PRODUCT	102	44
329	UPDATE	2026-02-17 10:53:26.32949+07	STAFF	PRODUCT	102	44
330	UPDATE	2026-02-17 10:55:37.306477+07	STAFF	PRODUCT	101	44
331	UPDATE	2026-02-17 10:56:52.49104+07	STAFF	PRODUCT	101	44
332	UPDATE	2026-02-17 10:57:50.554215+07	STAFF	PRODUCT	101	44
333	UPDATE	2026-02-17 11:00:02.158197+07	STAFF	PRODUCT	100	44
334	UPDATE	2026-02-17 11:03:12.430513+07	STAFF	PRODUCT	100	44
335	UPDATE	2026-02-17 11:04:14.200285+07	STAFF	PRODUCT	100	44
336	CREATE	2026-02-17 17:18:03.410906+07	OWNER	CATEGORY	31	43
337	DELETE	2026-02-17 17:18:09.962936+07	OWNER	CATEGORY	31	43
338	CREATE	2026-02-17 17:18:31.393879+07	OWNER	PRODUCT	117	43
339	DELETE	2026-02-17 17:18:40.841694+07	OWNER	PRODUCT	117	43
340	SEND_EMAIL	2026-02-17 18:03:17.921116+07	STAFF	EMAIL	\N	39
341	SEND_EMAIL	2026-02-17 18:05:23.61997+07	STAFF	EMAIL	\N	39
342	SELL	2026-02-17 18:21:44.272237+07	OWNER	SALE	190	37
343	CREATE	2026-02-17 18:29:01.937354+07	STAFF	CATEGORY	32	39
344	DELETE	2026-02-17 18:29:05.281742+07	STAFF	CATEGORY	32	39
345	CREATE	2026-02-17 18:33:26.809952+07	STAFF	CATEGORY	33	39
346	DELETE	2026-02-17 18:33:29.35773+07	STAFF	CATEGORY	33	39
347	CREATE	2026-02-17 18:58:05.298698+07	STAFF	CATEGORY	34	39
348	UPDATE	2026-02-17 18:58:15.524869+07	STAFF	CATEGORY	34	39
349	DELETE	2026-02-17 18:58:21.402523+07	STAFF	CATEGORY	34	39
350	CREATE	2026-02-17 18:59:44.947149+07	STAFF	PRODUCT	118	39
351	DELETE	2026-02-17 19:00:19.62482+07	STAFF	PRODUCT	118	39
352	SEND_EMAIL	2026-02-17 19:00:58.640692+07	STAFF	EMAIL	\N	39
353	SELL	2026-02-17 19:02:48.280208+07	STAFF	SALE	191	39
354	SELL	2026-02-17 19:08:37.239527+07	OWNER	SALE	192	37
355	ADMIN_TOGGLE_USER	2026-02-17 19:09:38.261134+07	ADMIN	USER	36	40
356	ADMIN_TOGGLE_USER	2026-02-17 19:09:42.169171+07	ADMIN	USER	36	40
357	UPDATE	2026-02-26 14:20:48.29546+07	OWNER	PRODUCT	61	43
358	UPDATE	2026-02-26 14:21:49.975507+07	OWNER	PRODUCT	61	43
359	UPDATE	2026-02-26 14:22:51.087298+07	OWNER	PRODUCT	29	43
360	UPDATE	2026-02-26 14:23:53.120967+07	OWNER	PRODUCT	29	43
361	UPDATE	2026-02-26 14:25:08.496506+07	OWNER	PRODUCT	29	43
362	UPDATE	2026-02-26 14:26:27.014341+07	OWNER	PRODUCT	28	43
363	UPDATE	2026-02-26 14:27:00.764787+07	OWNER	PRODUCT	28	43
364	UPDATE	2026-02-26 14:28:32.727565+07	OWNER	PRODUCT	27	43
365	UPDATE	2026-02-26 14:29:15.092011+07	OWNER	PRODUCT	26	43
366	UPDATE	2026-02-26 14:29:53.078882+07	OWNER	PRODUCT	26	43
367	UPDATE	2026-02-26 14:31:07.367335+07	OWNER	PRODUCT	25	43
368	UPDATE	2026-02-26 14:31:58.005399+07	OWNER	PRODUCT	25	43
369	UPDATE	2026-02-26 14:32:48.939685+07	OWNER	PRODUCT	25	43
370	UPDATE	2026-02-26 14:36:06.794376+07	OWNER	PRODUCT	24	43
371	UPDATE	2026-02-26 14:36:40.315817+07	OWNER	PRODUCT	24	43
372	UPDATE	2026-02-26 14:37:44.036284+07	OWNER	PRODUCT	26	43
373	UPDATE	2026-02-26 14:38:04.981293+07	OWNER	PRODUCT	26	43
374	UPDATE	2026-02-26 14:38:36.843973+07	OWNER	PRODUCT	26	43
375	UPDATE	2026-02-26 14:39:03.781903+07	OWNER	PRODUCT	26	43
376	UPDATE	2026-02-26 14:39:26.21392+07	OWNER	PRODUCT	26	43
377	UPDATE	2026-02-26 14:40:07.429233+07	OWNER	PRODUCT	26	43
378	UPDATE	2026-02-26 14:41:03.467596+07	OWNER	PRODUCT	26	43
379	UPDATE	2026-02-26 14:43:40.093768+07	OWNER	PRODUCT	23	43
380	UPDATE	2026-02-26 14:45:06.279157+07	OWNER	PRODUCT	22	43
381	UPDATE	2026-02-26 14:45:46.343416+07	OWNER	PRODUCT	21	43
382	UPDATE	2026-02-26 14:46:21.747877+07	OWNER	PRODUCT	22	43
383	UPDATE	2026-02-26 14:50:54.559441+07	OWNER	PRODUCT	20	43
384	UPDATE	2026-02-26 14:52:53.940601+07	OWNER	PRODUCT	49	43
385	UPDATE	2026-02-26 14:53:32.589815+07	OWNER	PRODUCT	48	43
386	UPDATE	2026-02-26 14:54:53.080729+07	OWNER	PRODUCT	41	43
387	UPDATE	2026-02-26 14:56:31.811916+07	OWNER	PRODUCT	59	43
388	UPDATE	2026-02-26 14:57:13.513375+07	OWNER	PRODUCT	59	43
389	UPDATE	2026-02-26 14:57:40.512388+07	OWNER	PRODUCT	59	43
390	UPDATE	2026-02-26 14:59:44.15877+07	OWNER	PRODUCT	58	43
391	UPDATE	2026-02-26 15:00:42.052512+07	OWNER	PRODUCT	57	43
392	UPDATE	2026-02-26 15:00:47.428233+07	OWNER	PRODUCT	57	43
393	UPDATE	2026-02-26 15:03:43.164419+07	OWNER	PRODUCT	56	43
394	UPDATE	2026-02-26 15:04:11.252227+07	OWNER	PRODUCT	56	43
395	UPDATE	2026-02-26 15:09:56.340928+07	OWNER	PRODUCT	55	43
396	UPDATE	2026-02-26 15:10:34.32072+07	OWNER	PRODUCT	54	43
397	UPDATE	2026-02-26 15:10:56.967963+07	OWNER	PRODUCT	54	43
398	UPDATE	2026-02-26 15:11:23.351593+07	OWNER	PRODUCT	54	43
\.


--
-- Data for Name: auth_tokens; Type: TABLE DATA; Schema: public; Owner: postgres
--

COPY public.auth_tokens (id, expires_at, issued_at, revoked_at, token_hash, user_id) FROM stdin;
2	2025-12-16 08:50:10.089412+07	2025-12-16 07:50:10.089412+07	\N	02775742bc052b8892ebd715386ce3ab5c45371f7ac6e089c1bc4802594fa3af	4
1	2025-12-16 08:49:42.072873+07	2025-12-16 07:49:42.072873+07	2025-12-16 07:54:55.288487+07	b0772bce42d0964a577cbf58b94b2d8da06607b157929c18c075b0ec9f36b523	4
3	2025-12-16 08:50:24.843729+07	2025-12-16 07:50:24.843729+07	2025-12-16 07:58:40.248085+07	1ca626ac7483072666e19c636d1ed30231a60660d6184b1c0771758b56369bf3	4
4	2025-12-16 09:00:07.942127+07	2025-12-16 08:00:07.942127+07	2025-12-16 08:00:31.008086+07	27da29e085e080632e0fab0b96ae78f53a4154023b2c402e078e09aacf2c2f90	4
5	2025-12-16 09:00:34.472541+07	2025-12-16 08:00:34.472541+07	2025-12-16 08:00:43.375993+07	1ef72d05f30701f4aa547de583ffe78ca1bebe075f2ba8607d712d540b779b19	4
6	2025-12-16 19:18:28.448481+07	2025-12-16 18:18:28.448481+07	2025-12-16 18:19:03.47163+07	8ab246c93662e92109f3030ec8a2fa0f8bd32e868d01d02027b4b50489c9c65e	34
7	2025-12-16 20:05:30.861282+07	2025-12-16 19:05:30.861282+07	\N	a9416834bd72c6e38fe66304043abaac76c62733c0d1aa8bb5977d7a656d0094	35
8	2026-01-11 17:12:54.667791+07	2026-01-11 16:12:54.667791+07	2026-01-11 16:32:58.995238+07	889e19e62793b9b212ac38ad5a6015e574df1f6a744338ec4b3fe72355e46b70	36
9	2026-01-11 17:33:00.20736+07	2026-01-11 16:33:00.20736+07	\N	2fda3651acb735ab8faeb415afea1c5172440bdf0544f68d9282ae238ab2affb	36
10	2026-01-11 18:40:13.232799+07	2026-01-11 17:40:13.232799+07	\N	1cc9f10c0a12784871c03c0328a9d8a57de54d059a802044e51b120d5620875e	36
11	2026-01-11 20:15:48.739208+07	2026-01-11 19:15:48.739208+07	\N	244791eee3ff971321bdf77b5ffc502ca65cc326776964884ce766c4e25a57de	36
12	2026-01-12 04:21:56.378832+07	2026-01-12 03:21:56.378832+07	\N	bebe4ffe2495b1633ff0aa11260896ba6336cfa62d475dc7d9c3f160eb160fef	36
13	2026-01-12 04:42:17.296873+07	2026-01-12 03:42:17.296873+07	\N	29d1dd3cdfdf8a8eed6eb36f8bfd6b7e66569878b6741101b91d2273ba9d0945	36
46	2026-01-12 15:58:57.692134+07	2026-01-12 14:58:57.692134+07	\N	c1074f942709c53576fa07c3a32296db03156cd0eb70845feb61c620a6e4a18a	36
47	2026-01-12 18:30:41.158602+07	2026-01-12 17:30:41.158602+07	\N	db60e664168b281887b8f9c6f967ae344ef315608b686fd3c1e1ea37ad161423	36
48	2026-01-12 19:46:34.605656+07	2026-01-12 18:46:34.605656+07	\N	151b6c6edf8559f2f5b6cd8d4ac54f46e0dfcc945410c0efdb523e18478cc898	36
49	2026-01-13 01:48:03.659749+07	2026-01-13 00:48:03.659749+07	\N	a1dbe746f802bee7d1f743467e560e6ea711d6c4383cbe145e82322371e9a7ca	36
50	2026-01-13 02:48:21.679219+07	2026-01-13 01:48:21.679219+07	2026-01-13 01:52:16.850839+07	b4ec5b19ba7f24bf2b5ecec7fdf9b0b1b11d8e8c1b1da4c0bec8fd9f5f3f006b	36
51	2026-01-13 02:52:28.627341+07	2026-01-13 01:52:28.627341+07	2026-01-13 02:00:04.242357+07	2a72337a0f0214c8ce5c49be61a4533226d5db9a65204d0770d282f57a8820c7	36
52	2026-01-13 03:00:13.75458+07	2026-01-13 02:00:13.75458+07	\N	df908be800fdd2029b2dee1e535d1e4e7e71ea252907e722e1d22a6e8b957317	36
53	2026-01-13 03:59:27.316705+07	2026-01-13 02:59:27.316705+07	\N	9e7595bffc64b443784cd06ea4bab361fac44c1b5bc15ebb429efe954b27f26f	37
54	2026-01-13 04:36:59.911519+07	2026-01-13 03:36:59.911519+07	\N	24d17c0551a473133ccef8a7bc6d1f55a77a3e15c322d7eab516ac05d7607aec	38
55	2026-01-13 04:43:57.140314+07	2026-01-13 03:43:57.140314+07	\N	8cebff05af5d8be268e33892f67e4df3c18064f1f3d520ecd192085d84f4f985	38
56	2026-01-13 04:45:00.968923+07	2026-01-13 03:45:00.968923+07	\N	4a778fccd971282546ad069c0bf3ac646f0000efb3a1090207d2c001865d5554	38
57	2026-01-13 05:10:03.744407+07	2026-01-13 04:10:03.744407+07	\N	d237c16c1df273f52d2ad3afc31878bb304124085a319ea3c26df436575debc8	37
58	2026-01-13 05:21:20.317413+07	2026-01-13 04:21:20.317413+07	\N	a33d4cecca1672fccd4ef927a982e1525881612d1ed6281c4e292c30f28e204c	36
59	2026-01-13 05:22:16.490846+07	2026-01-13 04:22:16.490846+07	\N	599821c38bbb35bd77d4a13f209765b3a88fc2e8f6aea594d820b7b9e13653ca	39
60	2026-01-13 05:22:35.248532+07	2026-01-13 04:22:35.248532+07	\N	a0dbcfbfc1151c87a91946b2ac917fb045222f3447e93940ef8651745ab76784	38
61	2026-01-13 05:24:18.401518+07	2026-01-13 04:24:18.401518+07	\N	d458d240f20cf533d11c360310b7a7fb6871a4d2df1928a3c0a055026360826a	39
62	2026-01-13 05:24:39.004876+07	2026-01-13 04:24:39.004876+07	\N	d8d324a7ba838fea3e2ce916f91e10c555add3532a3acb493489c5ffe83db609	37
63	2026-01-13 05:25:29.75574+07	2026-01-13 04:25:29.75574+07	\N	d17cb6fba7aadf1ab09c05c92167ce3605d539f9edb373b6653a48481ad96a01	39
64	2026-01-13 05:36:31.343429+07	2026-01-13 04:36:31.343429+07	\N	bc68c5e997e9bb8c0b3dcb0a5624ba1d96433178e8fb1ef57ad7a914c8abc734	37
65	2026-01-13 05:37:02.080836+07	2026-01-13 04:37:02.080836+07	\N	03333bb5572cbf2b7db3786a34e02612527f17993301270436eb1e91c3676fd8	39
66	2026-01-13 05:37:38.011039+07	2026-01-13 04:37:38.011039+07	\N	c41d01749eca7f6dc5cfc6ccbde6740be2f191e850bdeb31e6051872ef668a00	37
67	2026-01-13 05:40:14.091597+07	2026-01-13 04:40:14.091597+07	\N	7a42394c566edad2403e318d081871f5209a630be6065d43685327f5216e73a9	39
68	2026-01-13 05:41:07.664425+07	2026-01-13 04:41:07.664425+07	\N	a5fd9afd5980de85fa7c9e15fb9198bb060ae9951df8477e493be79a271711fe	36
69	2026-01-13 05:59:19.25828+07	2026-01-13 04:59:19.25828+07	\N	0f473f5dd91785980bd740347707a3004731ac7ea3a889db6ab72315c42e1746	39
70	2026-01-13 07:06:12.211951+07	2026-01-13 06:06:12.211951+07	\N	914c7674db1962bf7d5033985c80d73cdccb225cda2ff871677fd4843dc978f7	39
71	2026-01-13 07:14:09.203114+07	2026-01-13 06:14:09.203114+07	\N	be49e3c3eef2d282f0587828ce07fc04be66c639cb7d0187f4e66bae74e53c04	37
72	2026-01-13 07:14:38.184186+07	2026-01-13 06:14:38.184186+07	\N	224fa22f685681aaa3b4f31e6e9c3c28291407eeaac3fa44627dd849c86dfb71	37
73	2026-01-13 07:17:16.342298+07	2026-01-13 06:17:16.342298+07	\N	dcc8b85796e004d225efb7e082c4316768a44c1c6be0565a02ec4035c95b88e8	37
74	2026-01-13 07:17:35.661865+07	2026-01-13 06:17:35.661865+07	\N	d90c4821dfa9ba9a8e10c79e901da56a9bbb407dfdc257b900d47155d0c02a4c	37
75	2026-01-13 07:23:49.293073+07	2026-01-13 06:23:49.293073+07	\N	da34f0943658041f1dfa2d070b0ad70f8b4547556e4f66288b89fe7bd0e7479c	39
76	2026-01-13 07:25:14.05128+07	2026-01-13 06:25:14.05128+07	\N	eaaff76ea3e9f967473408381823556ed044e6e8ecc2567fdbb1bbd0d52b7796	37
77	2026-01-13 07:28:51.843506+07	2026-01-13 06:28:51.843506+07	\N	86493f4c50798ac98298d8e76f156660f9bdc239b27796d9ac543ae1893a236f	37
78	2026-01-13 07:32:03.50141+07	2026-01-13 06:32:03.50141+07	\N	5a3813a69ed17676a3e26576205f3dc8d1e3aca6696ffd8458a5efda08e3125c	39
79	2026-01-13 07:32:14.703554+07	2026-01-13 06:32:14.703554+07	\N	69dd5c7808df16379123d587a825c8dce8086593576e6ca17eab29425f9c1910	37
80	2026-01-13 07:36:58.310903+07	2026-01-13 06:36:58.310903+07	\N	015cf9e02b73b60660e7d8f80198528637b46d8941bf78701faf46ff2f1c2e95	37
81	2026-01-13 07:42:26.780293+07	2026-01-13 06:42:26.780293+07	\N	60dd12a9ff6211fe124503ffffb063e2147a1f908c1b7118bf90b34c6bb44f4c	39
82	2026-01-13 07:42:34.405868+07	2026-01-13 06:42:34.405868+07	\N	8526a3aa45c71a6bd46f2ad3a03ebb9bd70a58e832c931388b34d08bec94aace	37
83	2026-01-13 07:46:13.575952+07	2026-01-13 06:46:13.575952+07	\N	2385b303af6365b9b2a5c0851bdf02cdc94597d0ae73350db64ae2931565ece7	38
84	2026-01-13 07:46:54.982669+07	2026-01-13 06:46:54.982669+07	\N	1007d5806b0e32196b2e9d0882b903ae8374ebb5cc806078bfc9657cd6bc2de0	37
85	2026-01-13 07:53:01.662689+07	2026-01-13 06:53:01.662689+07	\N	575d7f78eb4d0514ec68dd9ac6801ef85000735e552a7d6a84bfd0b604bf54ce	38
86	2026-01-13 07:53:21.342992+07	2026-01-13 06:53:21.342992+07	\N	53ce8b0bcd894b3189fdd511b8d2919ea6c4ae43579a4a30d021ffc081f7ce39	38
87	2026-01-13 07:56:01.333153+07	2026-01-13 06:56:01.333153+07	\N	4550e8e2f0162dc281aa5f41dd9c7ef9a2b8e2b2f03abaed4f7394cff028ddc0	37
88	2026-01-13 07:56:14.210692+07	2026-01-13 06:56:14.210692+07	\N	9047c3d2eca599b905ae20aef643fc860bf73dd4f995907df927bdbb21556f8e	39
89	2026-01-13 08:01:30.691229+07	2026-01-13 07:01:30.691229+07	\N	a80488da082e2ef25d86cc74210532c77bdfc0c6eeee6066fa54fd38b35091bf	37
90	2026-01-13 08:55:02.970495+07	2026-01-13 07:55:02.970495+07	\N	d8eed5b451536564c87896c4ee4082a1a3cff8aebfb4d90f2e9a68f3b539e410	38
91	2026-01-13 08:55:06.984152+07	2026-01-13 07:55:06.984152+07	\N	a0a195618356fbc328a2945b4cec02718d14e828287c37ea860013ddbf03e4ed	38
92	2026-01-13 08:55:27.9426+07	2026-01-13 07:55:27.9426+07	\N	dc66af1c943869396074883ba527d965847a4d4aea59fb32294cd556f5fef32b	38
93	2026-01-13 08:56:19.027875+07	2026-01-13 07:56:19.027875+07	\N	04f9988625ce2e5c83432a0f13a47449b07550ab5a5a14be98c3dfcb0f8b757f	40
94	2026-01-13 08:56:22.056371+07	2026-01-13 07:56:22.056371+07	\N	8ab1d6a673d6da3dd59e5f30d80d5c13dfbf952823f78e012ef5cce5a134df0e	40
95	2026-01-13 08:57:16.501476+07	2026-01-13 07:57:16.501476+07	\N	7aa191965008f6377f1c1285eb5cb5ccd63f8182b226c818e673591b8f238fd0	40
96	2026-01-13 08:57:19.007108+07	2026-01-13 07:57:19.007108+07	\N	26f5d6a1d13e762425e59da78a4676e57abe93b643625b337f713165735e9c01	40
97	2026-01-13 09:06:20.155179+07	2026-01-13 08:06:20.155179+07	\N	dc7c7d812c8e1156f04ad8fd5bea834dfd161b517fab12a8ab74cd720238d817	40
98	2026-01-13 09:06:30.982485+07	2026-01-13 08:06:30.982485+07	\N	9b134aa27402bac49936b9b34b56bad58cbc22095367dd019d00eed1e2a78631	40
99	2026-01-13 09:07:01.972516+07	2026-01-13 08:07:01.972516+07	\N	b351d772b21e9ca8fac927105b8d325f6924963f1e13da308e125cd390d05d5b	37
100	2026-01-13 09:07:06.357373+07	2026-01-13 08:07:06.357373+07	\N	643e83af485eeb635b2db001d0e2147e6816cea259c90deaafc560e4dfbb764f	37
101	2026-01-13 09:07:16.34739+07	2026-01-13 08:07:16.34739+07	\N	c7f72c23bdab94bf961328995d99ccd7c4bb31558cd60b8ecf741b7cc1b48b90	40
102	2026-01-13 09:09:12.110222+07	2026-01-13 08:09:12.110222+07	\N	e74f2922585ecc105d3515d3c23809fd9b3008f30b3465418adba3486fd333cf	37
103	2026-01-13 09:25:19.198467+07	2026-01-13 08:25:19.198467+07	\N	f206eb62f6aa0d49c3b6e09934f44a95dd56650156993ecdec079cc674027f19	39
104	2026-01-13 09:35:10.363301+07	2026-01-13 08:35:10.363301+07	\N	7755efd508516b057c13e7602becac42681a180c64f0fd5efaf931fbc7ab0e3a	37
105	2026-01-13 09:45:13.816919+07	2026-01-13 08:45:13.816919+07	\N	b1eb498895441adedcc069301111250311c4415ffd98a2d367216af7fc63b775	37
106	2026-01-13 10:31:44.953485+07	2026-01-13 09:31:44.953485+07	\N	beb0b86ed4f80d3166b5977a23fb9443734ddf64f9915316aad6aa70e1a1eb12	39
107	2026-01-13 10:32:05.692756+07	2026-01-13 09:32:05.692756+07	\N	6159200b94331f806d3b673333d087e2b24c5bc28c8e9d9e1efbd08cf8ffbca6	37
108	2026-01-13 10:35:27.168647+07	2026-01-13 09:35:27.168647+07	\N	fdfba22d156ab953e8d83efd977f580056e1f95fd7c4ebd1f4553f9919cad00d	39
109	2026-01-13 10:35:58.484674+07	2026-01-13 09:35:58.484674+07	\N	caf6bc4ae0123d847dc74528fdb45603ecca7ce6209ce159330f9d033c1e453c	37
110	2026-01-13 10:38:09.602523+07	2026-01-13 09:38:09.602523+07	\N	69cd86380a22c22bfa16577965850af7001b68346c0cc52ed1492e9f94470786	39
111	2026-01-13 10:38:37.630348+07	2026-01-13 09:38:37.630348+07	\N	aa3ea8502ff63453532f41dc823fd497cb2e1867f5cb0a4afa5143fb46f040c6	37
112	2026-01-13 10:40:51.637452+07	2026-01-13 09:40:51.637452+07	\N	6012dbed5c0876ec90950579f0bd50a930885141736fe875efee699e64a1640f	39
113	2026-01-13 10:49:42.887191+07	2026-01-13 09:49:42.887191+07	\N	f0c93eab89623aa47e550f712684e2e1c386d814203dc907f2653dcd00f3abf1	37
114	2026-01-13 10:49:55.319189+07	2026-01-13 09:49:55.319189+07	\N	c70d878d03d4de2af50a9c0c3e9615aa88c66f110b150b0898e9cbfd339a4d93	37
115	2026-01-13 10:50:22.181261+07	2026-01-13 09:50:22.181261+07	\N	830c3206ca43cb878f2cdb7b619cad2b86dd57fbf19c3ac24ec15c0f482bf5d8	39
116	2026-01-13 10:54:22.414592+07	2026-01-13 09:54:22.414592+07	\N	506cf6f081872a4b43bab73c2af12ebfd319abfbe312404cc65e949a82276cda	37
117	2026-01-13 10:55:27.068893+07	2026-01-13 09:55:27.068893+07	\N	869c11e5a19d19f711d664134a865485cd2f87ec9606704a849e4e851bf31b64	39
118	2026-01-13 11:04:53.989346+07	2026-01-13 10:04:53.989346+07	\N	f5a2d7c2c84b9c2860b8fc60c2f3036491706fcdb601c48a30090b8077f42925	37
119	2026-01-13 11:05:03.316335+07	2026-01-13 10:05:03.316335+07	\N	7ecf872baf019a00ccbaacfe9fc153436a5e712aa44f33e690dce1f72465543f	40
120	2026-01-13 11:05:18.433786+07	2026-01-13 10:05:18.433786+07	\N	509cf67be1173f41cb379f5723df727ead22f10b81ea18e593791da8a99f9672	37
121	2026-01-13 11:06:09.121531+07	2026-01-13 10:06:09.121531+07	\N	9064f10e07e271a720991724b71bff61205d7cfe666dab3aa720b72fd801b51d	40
122	2026-01-13 11:06:27.398774+07	2026-01-13 10:06:27.398774+07	\N	6fce6750342caa2d4ba156e1bc20114b6ea2458a02380a4281e0832cb6472085	37
123	2026-01-13 11:07:06.29705+07	2026-01-13 10:07:06.29705+07	\N	c918542d17bd7ba2887175359651e868241cb59294a1da0b9e557de838887e0e	37
124	2026-01-13 17:32:31.38987+07	2026-01-13 16:32:31.38987+07	\N	05645c243b071f3394b418c57011329b7016756c933c66c3577145c8c6a4a297	37
125	2026-01-13 18:37:29.123509+07	2026-01-13 17:37:29.123509+07	\N	bc374b8bf16fc3f37a816dc7acec2f062726d113ffb063a59b90a895370a616d	37
158	2026-01-13 19:25:12.071273+07	2026-01-13 18:25:12.071273+07	\N	f1923f858416a2fc318bf8491f36032f190ccdb0fcb3f89a833d589649a42dbc	37
159	2026-01-13 19:26:31.95728+07	2026-01-13 18:26:31.95728+07	\N	ccc30eb4f7adb55567e2ddeba96a5a3232bcec2c22ed89f69806afb02fd06f9f	40
160	2026-01-13 19:27:18.002515+07	2026-01-13 18:27:18.002515+07	\N	c6b5ca42da0e1ab4ffab0fc190b24b2ce3c3bc11c824c1552532e2009754aa1c	39
161	2026-01-13 19:43:44.277742+07	2026-01-13 18:43:44.277742+07	\N	a74f6dd7bb47c9b9eaae5a09599c8f42e0d4d5848b62ccbc2f34911623c81692	37
162	2026-01-13 20:26:54.747201+07	2026-01-13 19:26:54.747201+07	\N	83a677683aaaa833336e0fc386c08348559d2129eeca97caa1ee5ef1dbba0a8f	39
163	2026-01-13 20:33:55.560691+07	2026-01-13 19:33:55.560691+07	\N	bc0937dc73af96b061f0ad8b1c03fe1956bb74082ec004a8ffbc94aaf85fd7f8	37
164	2026-01-13 20:41:46.831503+07	2026-01-13 19:41:46.831503+07	\N	0b9612a61eb6af3c27626ccba6a99f14b150c18110c6240c0367658b73a241e9	40
165	2026-01-13 20:43:47.552442+07	2026-01-13 19:43:47.552442+07	\N	a177991db4a9d7a1b6682869755206615ef2e6a30aa6d7692c9658eb550d1ccc	37
198	2026-01-15 20:15:28.254517+07	2026-01-15 19:15:28.254517+07	\N	1c6f0a8c4138b1a8007666c5142034c16bd67edc22786c770977135ec03bced2	37
199	2026-01-15 20:16:02.823198+07	2026-01-15 19:16:02.823198+07	\N	eeaeebdeecf11d8a001c390c9c9f8de4b71784c2f54782925bc0659687afd284	39
200	2026-01-15 20:16:47.022207+07	2026-01-15 19:16:47.022207+07	\N	d77bfb5b8c85506375ebba1aa6451330c439e0ee54dc50172e6ee9cc7649a9b5	37
201	2026-01-15 20:17:18.526676+07	2026-01-15 19:17:18.526676+07	\N	1b51a7884cb9d3275e0b5c646b84ea560bae80784654cd9b988a4b0f4a56ad45	40
202	2026-02-14 21:53:40.215381+07	2026-02-14 20:53:40.215381+07	\N	2ef25d68d7989f5e51682e6db9f1cab21cbc5e04da1d34a97923f6d460335416	37
203	2026-02-15 00:32:34.872956+07	2026-02-14 23:32:34.872956+07	\N	6af5a03e7c362a26bf2448669c23cef55c36836823c6007a32509cfcc4d7d960	39
204	2026-02-15 01:04:02.496744+07	2026-02-15 00:04:02.496744+07	\N	7277f627be933c21cffda0bf91aed0502916ef13549b9131d564085a9a9528ad	37
205	2026-02-15 01:05:47.735768+07	2026-02-15 00:05:47.735768+07	\N	1788af7ad367096512eef52428194dc97a12d6aa8f5623da99a69835bd97b460	39
206	2026-02-15 01:06:02.12858+07	2026-02-15 00:06:02.12858+07	\N	067b21ee50e32c1496ecd028e61084140f324ee857e4e7948db804f2b44d5f3c	37
207	2026-02-15 01:07:27.046505+07	2026-02-15 00:07:27.046505+07	\N	9a96ace5cb756fdd7a80194d996030341bf162f1461790ff30dcb952fb9518b4	39
208	2026-02-15 01:07:46.971597+07	2026-02-15 00:07:46.971597+07	\N	b079ed284fb02c0d82d13eca042411da68d64b50390eae8fb89c3014a8227e62	37
209	2026-02-15 01:20:49.381226+07	2026-02-15 00:20:49.381226+07	\N	d7f34f8962320c05205501a0a9fd308c7a330d466414b75f55d57067696c78ba	39
210	2026-02-15 01:30:54.576894+07	2026-02-15 00:30:54.576894+07	\N	8710638e9a89c4e0eead76e98d9c8dafc0ff07c3bf77e61d0512ff3b38d13dc8	37
211	2026-02-15 01:36:28.671264+07	2026-02-15 00:36:28.671264+07	\N	1f5392472109a7a8a5f7035817b4e7cdf570ecca56a2596a8dbd0e46cedb28c8	37
212	2026-02-15 01:36:34.560454+07	2026-02-15 00:36:34.560454+07	\N	a96697215ebabedeb79dbf5376e763a9527a33bc472aefbc00b7fd7582909cf2	39
213	2026-02-15 01:36:55.212909+07	2026-02-15 00:36:55.212909+07	\N	ef87f54736107c6fd88014bb8795645bfc099340e07b65a6f316b9d6fa059ff8	37
214	2026-02-15 01:37:47.020367+07	2026-02-15 00:37:47.020367+07	\N	dbe0fffc237b382234e3f81b05a110887d80b474045e4b6965284b944e9bc5ef	39
215	2026-02-15 01:38:29.513696+07	2026-02-15 00:38:29.513696+07	\N	deccff0e886a72572380df225c6fad746271f02ef843082dff71bdbc18ad72e3	39
216	2026-02-15 01:38:47.831596+07	2026-02-15 00:38:47.831596+07	\N	39349186d8af5cdbe418786e7fdfcb73fbe294324440fc67f0579cc57da5627b	37
217	2026-02-15 20:20:13.523719+07	2026-02-15 19:20:13.523719+07	\N	0db814f906ad17331e4c0b7c638ece6eed517f104e462f5995c5a89a9da116e1	37
218	2026-02-15 21:50:23.675126+07	2026-02-15 20:50:23.675126+07	\N	ed4a740b4621f23fb26eeee1faab8036767428b4cc08f75182f9bae9a62ed43f	37
219	2026-02-15 22:02:29.27732+07	2026-02-15 21:02:29.27732+07	\N	b8e8e410b067ad847fce62a3c892242059d59742acdd30442487e067eae2e9c6	37
220	2026-02-15 22:18:57.167914+07	2026-02-15 21:18:57.167914+07	\N	d92ea41a81e7de6696d15c09d78ae2090f8db0c6f22473ee145d625d52ee3a21	39
221	2026-02-16 16:05:19.168994+07	2026-02-16 15:05:19.168994+07	\N	4424b28abe4f11183cfe856c88dd00e312e719e07dd33d95ad39e909be6a1889	37
222	2026-02-16 20:26:25.179479+07	2026-02-16 19:26:25.179479+07	\N	4a41738066ffe69df6a06de8a6d0cffb73c71dedc79723394d525226d0e2b9cd	42
223	2026-02-16 20:27:11.562062+07	2026-02-16 19:27:11.562062+07	\N	0d27dd2897cb3889c09816b4901e4c7823fa9683a2e49724e9427239e4b256d8	43
224	2026-02-16 21:57:40.559211+07	2026-02-16 20:57:40.559211+07	\N	422412c51c724ce32a84c6ff1999f7783a12740fb8f4b9110597be5749bccc2d	42
225	2026-02-16 21:57:53.390184+07	2026-02-16 20:57:53.390184+07	\N	1aad5e075265944002729164aaf527a5a743ca23f5fe74a087c4b10de64c6d6e	43
226	2026-02-16 22:07:28.582299+07	2026-02-16 21:07:28.582299+07	\N	b3b3fa69623e52944f5baf867eaeb0239245aeb26ba191c62e9f483e9a5bf67d	42
227	2026-02-16 22:07:47.039726+07	2026-02-16 21:07:47.039726+07	\N	374364566448af9b3f52f264feeb1021f41226e5de91ac0b2be4447132a2610f	42
228	2026-02-16 22:07:52.367859+07	2026-02-16 21:07:52.367859+07	\N	d1912ab87ff9da0bbcb6d99bea645ddfdc9e21cf4cc786662d23062e92315cb6	43
229	2026-02-16 23:28:04.211103+07	2026-02-16 22:28:04.211103+07	\N	b40383f1ec5d7b7ce600570bc3c6bb1e019813c089b89993c59b4f8fdf9f380a	42
230	2026-02-16 23:28:09.222614+07	2026-02-16 22:28:09.222614+07	\N	053561ef5045eb009b0820e9d34258672c3cf324928a58afc676f4aef121239f	42
231	2026-02-16 23:28:14.732422+07	2026-02-16 22:28:14.732422+07	\N	8a32f43802dd91ba576c691d97b86d1bcdd0fd8e3a0b9a765fd94fe0513cd08f	42
232	2026-02-16 23:29:03.003554+07	2026-02-16 22:29:03.003554+07	\N	f471cab1a8a0598ff23c8c336b6c8576208db9311e2272bc1bbec5807948668c	42
233	2026-02-16 23:29:12.784986+07	2026-02-16 22:29:12.784986+07	\N	95bc25313edc496a4aa96d612dd628adf5e23a6204de7ee59b478aec56ed5c07	43
234	2026-02-17 01:08:09.437776+07	2026-02-17 00:08:09.437776+07	\N	28bb3f61fcf2166c6361ed4b773c07b2d7322818817ce3679537d9bc6b4aefe2	42
235	2026-02-17 01:08:19.237398+07	2026-02-17 00:08:19.237398+07	\N	a6d51936d518355f20c62a25655b3aecb9851b679c0e0fbd6ef3ab65aaa2bfb5	43
236	2026-02-17 06:03:06.934142+07	2026-02-17 05:03:06.934142+07	\N	a37bdb7fde31b1af481a0a9d3a25d5e70aa2f90bdb02ee73bc5c0c03350a2caf	42
237	2026-02-17 06:03:12.961799+07	2026-02-17 05:03:12.961799+07	\N	253db7bc02caba10a9880c62cf2e51247a727bd1dd1f1b0d04834b4f6bb9214d	43
238	2026-02-17 06:09:48.784469+07	2026-02-17 05:09:48.784469+07	\N	a40f0ee449f3a1815f27f97fe315e25340caea64c1ff712800f944583235ae31	42
239	2026-02-17 06:10:37.370616+07	2026-02-17 05:10:37.370616+07	\N	87f612bfc5e6f4069666595f737ab37a4db5d0996e8a220a598711e64093d08b	44
240	2026-02-17 06:39:22.817923+07	2026-02-17 05:39:22.817923+07	\N	ba6bfc2bfa8e1420b97c18ee30b02f29a2283c8673b730f2d08902b59953ee34	42
241	2026-02-17 06:39:29.109951+07	2026-02-17 05:39:29.109951+07	\N	28d1d6729a396be693332789eb88a95b997d513e15b326714f7a0e896d4562f9	43
242	2026-02-17 07:08:21.354094+07	2026-02-17 06:08:21.354094+07	\N	1392cd94f869c412e9a6a61efa914fa060b34d77ffe747f3123e3df7301ee101	42
243	2026-02-17 07:08:27.204583+07	2026-02-17 06:08:27.204583+07	\N	3c6768e8b049c9e8a7dc05736175f89159b73acb9218aa6d55d2d8280b34ab43	44
244	2026-02-17 07:16:25.78734+07	2026-02-17 06:16:25.78734+07	\N	063b3f6dae3d43566f6eaae03be387424ab50a18155e7b66cdc047ae44b8f444	42
245	2026-02-17 07:22:52.193174+07	2026-02-17 06:22:52.193174+07	\N	ed3bba4325caef0da153bc668142611fb237c3d075aa594b646bd73b9063185a	44
246	2026-02-17 07:37:37.252231+07	2026-02-17 06:37:37.252231+07	\N	6a9d2d9cfa66fe60245247a7dac44f9d9c45a0a4d15b86b929b565456acdce89	43
247	2026-02-17 08:38:28.228654+07	2026-02-17 07:38:28.228654+07	\N	47c59133f9a6d337ea65d7b3004fa93960c8a0c8ebe5eb66e1fb4ebdd4896039	42
248	2026-02-17 08:38:32.717708+07	2026-02-17 07:38:32.717708+07	\N	6143599a79356a7ead259804ce048ce5f74120fdf3c268520f62fd6354b07ac7	44
249	2026-02-17 09:39:15.619398+07	2026-02-17 08:39:15.619398+07	\N	8d022a95b1c5fbb7ec1e7ac3aaf1d2eede22f64595dbd0fa0ed4cbad8fbcc7c5	43
250	2026-02-17 10:43:22.69158+07	2026-02-17 09:43:22.69158+07	\N	a39ea1de5605f56961b16d96d9c04329c433afd8dffff2cb3d5cb73d5eca3a54	42
251	2026-02-17 10:43:27.095077+07	2026-02-17 09:43:27.095077+07	\N	d40d2d963153c9cdaa75a0f09400ba533ee9210d770e1a69f588abe19514a6fb	43
252	2026-02-17 11:48:39.584828+07	2026-02-17 10:48:39.584828+07	\N	111257c6827f49e9776c3395b413c1a9c48dad5c104abb1a802b1b1c1a4b1b14	42
253	2026-02-17 11:48:43.527326+07	2026-02-17 10:48:43.527326+07	\N	1a8db3df82fd31f89b4bc53316583c034b94482f053b4246268db658212d97a8	44
254	2026-02-17 12:50:45.115987+07	2026-02-17 11:50:45.115987+07	\N	2d1b7bb66b3ced6d8d4953921a02e07779cf56a039f3bd4dee2a70d66aa97da2	44
255	2026-02-17 12:50:49.321653+07	2026-02-17 11:50:49.321653+07	\N	e9ad6564255f2854f4f61633ccd7a8873a834b39e05ce6369c40aa9bbc699c19	43
256	2026-02-17 13:41:21.214608+07	2026-02-17 12:41:21.214608+07	\N	37b1922069bd9574ed60351b2096ab211019b99d58c190eda853418985fcbed6	43
257	2026-02-17 13:41:48.620472+07	2026-02-17 12:41:48.620472+07	\N	7d516e98c6d45b1f2f7bf7eb3e9baabecb7370fc8c24294f999b9396f5ff1814	43
258	2026-02-17 13:41:55.134376+07	2026-02-17 12:41:55.134376+07	\N	35bcb9bb3f84ee33b7249b31b26e1d3652b71180d30a314f29966e90a2acb097	44
259	2026-02-17 13:58:34.284002+07	2026-02-17 12:58:34.284002+07	\N	c0b9e4a0a2d784b12b1ea60ad30d88ecb96056a1062faa6ebf6c4c3da88422c1	43
260	2026-02-17 14:14:21.190303+07	2026-02-17 13:14:21.190303+07	\N	ad9b1f97fd56c9fe53723f489bc5d6d8595c2412c3b63c9b0616523ab22e0e69	42
261	2026-02-17 14:51:19.97008+07	2026-02-17 13:51:19.97008+07	\N	a701146e86e5340804d1b30a2c238a363b8d49da22a36356c32883f84073b4d2	42
262	2026-02-17 14:51:28.581032+07	2026-02-17 13:51:28.581032+07	\N	d20b2b68c0f61d77b11a8df273806a80acdfdd64dae00f3744a47255e811e121	44
263	2026-02-17 14:59:21.65223+07	2026-02-17 13:59:21.65223+07	\N	b6960cb10c345fda403939773d0a18a6f868d75d47a7080cfceb0d5ed34193dc	44
264	2026-02-17 15:01:00.837197+07	2026-02-17 14:01:00.837197+07	\N	0d3f94a3236dc61345be5ea643d55e35a7f8f8dcdb692cb6e0656996b2a04f04	42
265	2026-02-17 15:05:25.802916+07	2026-02-17 14:05:25.802916+07	\N	96984a3b61304f49b7d594104fd7d97028edbf02435d7346e90eead5b7c50f30	42
266	2026-02-17 15:09:10.945652+07	2026-02-17 14:09:10.945652+07	\N	d1372cf70a1de54116fe56c42bb62a636c099376d2dd5e689684adf09f2324ed	42
267	2026-02-17 15:10:09.24966+07	2026-02-17 14:10:09.24966+07	\N	0c38d727c4b83976c936b4a5d1f1560ca4a326dbaf964f540871c93e54c7671c	44
268	2026-02-17 15:11:16.614092+07	2026-02-17 14:11:16.614092+07	\N	faef38afabf8a281cb711ce8a9b716c8f0d685a8e30a4bf9cb639e9aaad40df5	43
269	2026-02-17 15:17:43.824999+07	2026-02-17 14:17:43.824999+07	\N	6dac0efdcab4ad07407dc88fab8cf7c7424cd8a82ae68e8e1c6f06a976e3a7d1	43
270	2026-02-17 15:40:22.416112+07	2026-02-17 14:40:22.416112+07	\N	33cf48f99a4b2227f74fba63e1844168a5981727d053a7821fd4dc5908addd97	43
271	2026-02-17 15:50:57.338818+07	2026-02-17 14:50:57.338818+07	\N	0c96aafbb319939eb80b5d972c86ecf3e75910f3f75823902359f9970d345101	42
272	2026-02-17 15:51:00.238382+07	2026-02-17 14:51:00.238382+07	\N	a175fcd5a406b00216a0847776cbb989aa1a0537549e80d2578acaef5f1b570e	42
273	2026-02-17 15:51:33.750071+07	2026-02-17 14:51:33.750071+07	\N	f7ce84981625705fb438cd424f175a90958d64de38fdb604406a5b90d80f3e8b	44
274	2026-02-17 15:52:05.386446+07	2026-02-17 14:52:05.386446+07	\N	6690298514b43cf3f509b042ac8c392a33286cc9c15d3388d78973e7a70a571d	43
275	2026-02-17 15:56:50.98831+07	2026-02-17 14:56:50.98831+07	\N	e2b43251fdee2ec8b073d4361419a1d33ac1a3ed798af0f9c92c61c8c47bf9ad	44
276	2026-02-17 15:59:03.350368+07	2026-02-17 14:59:03.350368+07	\N	2eccd09111e7facc09fe972d688fb7673c9ed421b903fc9ebace7133749c33ed	43
277	2026-02-17 16:44:05.090917+07	2026-02-17 15:44:05.090917+07	\N	d82fdcbd1825a49bbe507b6ee4e08c49a7939b529049449ac56e7d78f279b95a	42
278	2026-02-17 16:44:10.99147+07	2026-02-17 15:44:10.99147+07	\N	950186e9237ca565af38fb8c9ffe471e8d7742e33c932d5b60e8bc1b846ed030	44
279	2026-02-17 16:44:57.52804+07	2026-02-17 15:44:57.52804+07	\N	745c1806c06ae10df0d03ff0919af7831ed4bba876e9aab4a68c021e5c55efc6	42
280	2026-02-17 16:45:03.016509+07	2026-02-17 15:45:03.016509+07	\N	bc53dac36139ec87f98cebda27094c6c8cfdf183bea9ed5da8a241db91dcc43a	43
281	2026-02-17 18:05:52.705394+07	2026-02-17 17:05:52.705394+07	\N	6a4d9f0593a2c2d682b6a901eeca78fa748e7bc5079bc7c463df21b8d32c63f8	43
282	2026-02-17 19:01:03.388357+07	2026-02-17 18:01:03.388357+07	\N	5992155b50b2cfb53eba35916c85b696d5eaac0f69ec95e301cf5fdf6e3be18e	43
283	2026-02-17 19:02:33.864359+07	2026-02-17 18:02:33.864359+07	\N	02ca788a13fe9fd067a41bf0c8fc7663fc7a5889c5607babb69367679e6467d1	39
284	2026-02-17 19:05:38.310756+07	2026-02-17 18:05:38.310756+07	\N	cfc2421848ea9dae62c29d9824f944e2aa2e020a5f2ca67c4a429b54f53e0646	42
285	2026-02-17 19:05:47.616273+07	2026-02-17 18:05:47.616273+07	\N	4492c5249c90d0cfada08b88bf9908da6f2c5c8be97ded1c688956a72e163f3c	43
286	2026-02-17 19:17:46.609794+07	2026-02-17 18:17:46.609794+07	\N	52bfd14553671d0672feda2f71d479367ca7887737e5daf0101caa93b58f4d0d	37
287	2026-02-17 19:18:04.205331+07	2026-02-17 18:18:04.205331+07	\N	69669d3f10b200cc85c561a4fcb3199fea330997c4b86d5be52d29258f366bc6	39
288	2026-02-17 19:18:45.017199+07	2026-02-17 18:18:45.017199+07	\N	88103beaf13ae18e56516d06cffa05c675008e67c6e75bef6686155e403b26b9	39
289	2026-02-17 19:20:18.916716+07	2026-02-17 18:20:18.916716+07	\N	2b851367dfaa0dcaaa8c6f02d8a58c0cb2c6cb7f1f6a5e7be626fb2768958e9f	40
290	2026-02-17 19:25:31.170548+07	2026-02-17 18:25:31.170548+07	\N	12eed647c9812335ab9daebc57b0d74bb06ee47b4a77332a44818047c513d46a	42
291	2026-02-17 19:28:40.709197+07	2026-02-17 18:28:40.709197+07	\N	534aac53b77ce66fc6ece59ae609ee00cb222e76eb2492b679f11b1c5eff01f8	39
292	2026-02-17 19:57:18.635685+07	2026-02-17 18:57:18.635685+07	\N	8c0f1b666b8422e2ae8b08bb4a2df67258013d0c45640afedc83d660c56d8d5b	39
293	2026-02-17 20:09:57.175379+07	2026-02-17 19:09:57.175379+07	\N	2b5f17c41d2aa4eff2fd87daa2770f8151de75d0424e543d2260575e4e2938f6	40
294	2026-02-26 15:09:53.759972+07	2026-02-26 14:09:53.759972+07	\N	245ed529b9ccc41e52e258df51066c4f741ffd3d8d2ef418ced16ebf8ddae57f	44
295	2026-02-26 15:19:22.628109+07	2026-02-26 14:19:22.628109+07	\N	8ef2cdd627f387ebfd11854b7700237901a6c4b3c4a05f7115e824c2773a9209	43
\.


--
-- Data for Name: categories; Type: TABLE DATA; Schema: public; Owner: postgres
--

COPY public.categories (id, created_at, image_filename, name) FROM stdin;
15	2025-12-15 19:50:22.885617+07	3538ffba-5b35-4816-aea7-5a1903a45784.png	เน€เธเน€เธเธญเธฃเธตเน
16	2025-12-15 19:50:43.16185+07	3a7d96a5-8079-4674-9d2c-d1f1172d4102.jpg	เธญเธฒเธซเธฒเธฃเนเธซเนเธ
18	2025-12-15 19:55:24.646198+07	1accbf68-ef1e-4275-a95b-60cae293c599.png	เธเธญเธเนเธเนเธชเนเธงเธเธ•เธฑเธง
19	2025-12-15 19:55:46.275828+07	8f538496-35c9-49b4-b84b-f2572b57fd13.png	เน€เธเธฃเธทเนเธญเธเน€เธเธตเธขเธ
20	2025-12-15 19:55:58.901357+07	0ebdf790-da99-4c30-ab85-ac5364b6ec1e.png	เธเธฅเธดเธ•เธ เธฑเธ“เธ‘เนเธชเธธเธเธ เธฒเธ
21	2025-12-15 19:56:14.789296+07	dd49b42c-2135-418c-8c1c-11037d9387a4.png	เธญเธฒเธซเธฒเธฃเธเธฃเธฐเธเนเธญเธ
22	2025-12-15 19:56:30.069317+07	0aa03e2f-a4d0-456d-a1a7-6effdbee27de.png	เธเธญเธเนเธเนเนเธเธเนเธฒเธ
23	2025-12-15 19:56:47.50509+07	23896492-0baf-4c90-8706-a63b4ef3c256.png	เน€เธเธฃเธทเนเธญเธเธเธฃเธธเธ
24	2025-12-15 19:57:03.699492+07	44269e31-6faa-4027-a4e8-b8ed44041c8a.png	เน€เธเธฃเธทเนเธญเธเธ”เธทเนเธก
25	2025-12-15 19:57:20.084703+07	67702d25-5b83-4d64-b755-2f530c0b20f2.png	เธเธเธก
\.


--
-- Data for Name: password_reset_otp; Type: TABLE DATA; Schema: public; Owner: postgres
--

COPY public.password_reset_otp (id, created_at, expires_at, otp_hash, reset_token, send_count, used, user_id, verify_fail_count) FROM stdin;
2	2025-12-14 14:32:52.208839+07	2025-12-14 14:37:52.208839+07	$2a$10$8lSAh1JazcoMfKm1cIQXiecN1R8vT2kea5/y5ZrngKOghu2zLwVHa	f7f91f21-4ec6-4dd5-8730-9aa5d11c65ce	1	t	5	0
3	2025-12-14 14:45:33.83175+07	2025-12-14 14:50:33.83175+07	$2a$10$ZNRuRK8o4MsVxq1GLlpfaOh3PCulKk2B8DZDkgs34aziRRBfxI.g.	\N	2	f	5	0
4	2025-12-14 14:58:03.496031+07	2025-12-14 15:03:03.496031+07	$2a$10$UXiqCPpnqfcCHt9CtV.KS.YYHfDL/s3Kzias9o2Dc9o2ZbI1vNnta	\N	3	f	5	0
5	2025-12-14 15:02:08.905299+07	2025-12-14 15:07:08.905299+07	$2a$10$ySE.IDwdUNvFyvQhCaiLHeqa1xUzVNv7iu/lql7Jf4NTVmu90mtgu	41b177af-c9b9-4e52-8f85-e55b06e9df04	4	f	5	0
6	2025-12-14 15:04:30.873808+07	2025-12-14 15:09:30.873808+07	$2a$10$SGqjivlqE31zB75iPmtkDOewoy92Bmoyp7MfONMje9Emw8xyyGCIG	5de79f8e-89de-4884-8573-6b784ddd2b3d	5	t	5	1
7	2025-12-14 15:06:35.380543+07	2025-12-14 15:11:35.380543+07	$2a$10$mrMvEFVWPv2OhXp4k8/kQujBL9PSxQlRU2t9vTm7iLRErVM4NUz8e	7bc67263-aa01-474f-bd13-c9175c7829d4	6	t	5	0
8	2025-12-15 00:15:10.541975+07	2025-12-15 00:20:10.541975+07	$2a$10$OMtm0irLv4dXMGuCuZpb9u8NxakBl8wREzPOFl8Sm3dI.wjdySBkS	cd34df4f-1a5c-4e1f-84b5-2c2048c6c31d	1	t	7	0
9	2025-12-16 04:05:07.526478+07	2025-12-16 04:10:07.526478+07	$2a$10$tJhCDLewwrAmrwrjv9BG4uegE7W7XxS2Ax4eSSGwWLtayVzrWH8wm	e5eee3d1-e35b-4992-931b-2be3d96960ad	1	t	4	0
10	2025-12-16 07:59:25.47048+07	2025-12-16 08:04:25.47048+07	$2a$10$Xh0VVSrNdS4SwyedUezQC.xBdQlKVb5ouufcn5GjWj/E1vzvvtnJC	b1c542da-4698-487e-b2d1-9c92250174fd	2	t	4	0
11	2025-12-16 19:04:12.672211+07	2025-12-16 19:09:12.672211+07	$2a$10$FgLGH0W8f31Vj1pQqgdH7.Dp2s8UIMXA3NKAA4kWXG5DoKmhHe3Ie	3fdc3507-e020-4e74-bb1c-27e6420a91c4	1	t	35	0
12	2026-01-13 16:31:23.928168+07	2026-01-13 16:36:23.928168+07	$2a$10$xDf5bMs23bKozE99ufEBDuX4ueEStSM7bsnqLSziBxeitriI1iAom	\N	1	f	36	0
13	2026-01-13 16:32:06.713788+07	2026-01-13 16:37:06.713788+07	$2a$10$WadnFvEcUqS1tSTzkCmTsOGLmeBZDCgQoRuv5cShKhUm.xp5JdCz6	\N	1	f	37	0
14	2026-02-17 14:27:23.344097+07	2026-02-17 14:32:23.344106+07	$2a$10$Dym.D8grkCYh/ePligt1nu8JbgGOp6wUNW0WvzWuHmrY898M6WxFy	\N	1	f	42	0
\.


--
-- Data for Name: products; Type: TABLE DATA; Schema: public; Owner: postgres
--

COPY public.products (id, buy_price, created_at, image_filename, monthly_sales, name, sell_price, stock_qty, category_id) FROM stdin;
44	22.00	2025-12-15 20:29:06.952278+07	34a9f9aa-d574-47cd-9016-7fa9b9ed83a2.jpg	66	เธ–เนเธฒเธเธฃเธตเนเธกเธ—	30.00	14	22
16	13.00	2025-12-15 20:10:56.690906+07	d9e0a680-9a62-4a72-be59-f17f757557c1.jpeg	47	เธ•เธฐเธงเธฑเธเธฃเธชเธ•เนเธเธ•เธณเธฃเธฑเธ	16.00	8	25
17	14.00	2025-12-15 20:11:18.181704+07	add2e76e-4f81-4f2d-b766-4e5d4781e0b4.jpg	65	เธชเนเธเนเธเนเธเนเธเธฃเธชเธ”เธฑเนเธเน€เธ”เธดเธก	17.00	3	25
13	19.00	2025-12-15 20:09:14.622952+07	543462dc-cdc2-415c-9d6e-b419f87764a5.jpg	46	เธเนเธญเธเธเธญเธฃเนเธเธฃเธชเธเธฅเธฒเธชเธชเธดเธ	25.00	19	25
12	10.00	2025-12-15 20:08:49.606949+07	698ce2a4-bcc0-47cf-a44e-ca7a23ea8c52.jpg	92	เน€เธขเธฅเธฅเธตเนChupa	15.00	33	25
10	13.00	2025-12-15 20:03:04.23639+07	6f824208-daf7-4b21-98c3-10f272a70c15.jpg	66	เน€เธงเน€เธเธญเธฃเนKalpa	18.00	22	25
27	10.00	2025-12-15 20:16:43.976214+07	aec9668a-a9c5-4042-a432-e9d8774ddc88.jpg	88	เธญเธดเธเธดเธ•เธฑเธเธฃเธชเธเนเธณเธเธถเนเธเธกเธฐเธเธฒเธง	15.00	27	24
28	12.00	2025-12-15 20:17:09.048499+07	fb6d715c-2f89-4184-99ad-4489d457af3f.webp	105	เนเธเนเธเนเธกเนเธกเธตเธเนเธณเธ•เธฒเธฅ	15.00	20	24
20	14.00	2025-12-15 20:14:00.775307+07	c666ddf4-dfc2-4659-979b-edca09dcd7c1.webp	74	เธเธกเธเธฅเนเธญเธเธซเธเธญเธเนเธเธฃเธชเธเธทเธ”	20.00	26	24
25	11.00	2025-12-15 20:15:48.965475+07	c2a2bbeb-4bc0-46f1-a678-00347678c301.jpg	78	เนเธเธเธ•เนเธฒเธฃเธชเธชเนเธกเนเธเธ”เธฒ	15.00	25	24
24	52.00	2025-12-15 20:15:32.884963+07	d5a9f2a9-bc43-4978-bfee-ea608bcc23c4.webp	49	เน€เธเธตเธขเธฃเนเธฅเธตเนเธญ	62.00	9	24
21	13.00	2025-12-15 20:14:28.76403+07	19eac401-9165-4fbb-a7da-4a59970c817f.jpg	52	เธเธฒเนเธเธเธฃเธฐเธเนเธญเธNescafรฉ	18.00	18	24
49	12.00	2025-12-15 20:31:26.815045+07	1851115e-7c5f-482b-911f-d1e5aa1756c2.webp	34	เธซเธงเธต	20.00	21	22
22	11.00	2025-12-15 20:14:51.277652+07	2fca20b4-915a-4c78-8391-2293c35f9640.webp	69	เน€เธญเนเธกเธฃเนเธญเธข	16.00	11	24
29	6.00	2025-12-15 20:17:32.894984+07	ad721002-cc15-4d49-81cf-13cc3b3ea091.webp	125	เธเธฃเธดเธชเธ•เธฑเธฅ	10.00	35	24
38	22.00	2025-12-15 20:23:54.052809+07	07d98704-8d18-49d8-98e9-5993a28e6ed6.jpg	58	เธเธญเธชเนเธกเนเธเธเธตเน	29.00	0	23
36	20.00	2025-12-15 20:23:21.607255+07	b529b8fc-61e4-4534-a72c-5e73ee07e0f5.jpg	36	เธเธตเธญเธดเนเธงเธเธฒเธงเธ•เธฃเธฒเน€เธ”เนเธเธชเธกเธเธนเธฃเธ“เน	27.00	11	23
37	25.00	2025-12-15 20:23:38.556842+07	fd687408-b454-4e3a-88c7-b2ca88c8f202.jpg	46	เธเธญเธชเธซเธญเธขเธเธฒเธเธฃเธกเธ•เธฃเธฒเนเธกเนเธเธฃเธฑเธง	32.00	12	23
35	28.00	2025-12-15 20:22:38.151409+07	9020a22e-4519-41fc-b471-205b135dbf31.jpg	32	เธเนเธณเธเธดเนเธกเธชเธธเธเธตเนเธเธฑเธเธ—เนเธฒเธขเธเธฃเธชเธดเธเธซเน	35.00	5	23
31	18.00	2025-12-15 20:21:16.310269+07	adfa1c29-914c-4f09-ab94-4ab596fad7a5.jpg	28	เธเธฃเธดเธเธเนเธเธ•เธฃเธฒเนเธฃเนเธ—เธดเธเธขเน	25.00	16	23
34	45.00	2025-12-15 20:22:14.1487+07	5d9aa6fe-42f5-4bbf-8cf6-5436e0e3d0ef.jpg	31	เธเนเนเธฒเธกเธฑเธเธเธทเธเธกเธฃเธเธ•	55.00	1	23
32	8.00	2025-12-15 20:21:39.402119+07	c1f7c3e4-7790-4d4f-b27c-62261c37042f.jpg	64	เน€เธเธฅเธทเธญเธเนเธ เธเธฃเธธเธเธ—เธดเธเธขเน	12.00	36	23
30	20.00	2025-12-15 20:19:52.022833+07	a7e38806-4c5f-4dfe-a509-30367afb6a86.jpg	39	เธเธญเธชเธเธฃเธดเธเธจเธฃเธตเธฃเธฒเธเธฒ	27.00	5	23
47	25.00	2025-12-15 20:30:09.401893+07	8df73436-5f79-4243-840c-b0fe073f4576.jpg	20	เธเธฃเธฃเนเธเธฃ	35.00	15	22
41	25.00	2025-12-15 20:28:13.004275+07	3be902a0-0776-4f45-9274-c28802bc567c.webp	42	เธเนเธฒเน€เธเนเธ”เนเธ•เนเธฐ	35.00	10	22
46	20.00	2025-12-15 20:29:51.998347+07	db71078c-1bed-469e-9496-e2136e972b2d.jpg	30	เธเธฃเธฃเนเธเธฃเธ•เธฑเธ”เน€เธฅเนเธ	30.00	13	22
45	18.00	2025-12-15 20:29:36.034087+07	be608ec5-caa3-461c-bc09-f0b8922ca3b5.jpg	38	เธเธฒเธงเธ•เธฃเธฒเธเนเธฒเธ	25.00	19	22
43	90.00	2025-12-15 20:28:48.344051+07	ee9fb767-dc2d-4f49-a025-967eff13a585.jpg	20	เนเธกเนเธ–เธนเธเธทเนเธ	120.00	8	22
42	80.00	2025-12-15 20:28:28.965601+07	da3f3e61-b981-4461-8276-5fbb48995a13.jpg	25	เธ–เธฑเธเธเธขเธฐ	110.00	6	22
55	28.00	2025-12-15 20:34:13.108661+07	ded8811d-80db-46b8-8844-059784d7e52a.webp	22	เน€เธเธฒเธฐเธเธฃเธฐเธเนเธญเธChaokoh	35.00	10	21
40	30.00	2025-12-15 20:27:54.005769+07	d8a14dba-eaf6-41b4-87a5-aeeaf1a6024d.jpg	38	เธเนเธณเธขเธฒเธฅเนเธฒเธเธเธฒเธเธเธฑเธเนเธฅเธ•เน	40.00	10	22
56	20.00	2025-12-15 20:34:34.114457+07	b44bb6ba-6ca1-45b0-9b1f-02366c8e969a.webp	31	เธ–เธฑเนเธงเนเธ”เธเธเธฃเธฐเธเนเธญเธOKB	27.00	13	21
57	18.00	2025-12-15 20:35:05.62188+07	7035caad-74a1-45f5-b772-2927c3386ddc.webp	44	เธเนเธฒเธงเนเธเธ”เธเธฃเธฐเธเนเธญเธUFC	25.00	16	21
54	32.00	2025-12-15 20:33:51.923618+07	141df94c-feb8-434f-b7d4-fb77a8dd4448.jpg	31	เธ—เธนเธเนเธฒเธเธฃเธฐเธเนเธญเธเธเธตเน€เธฅเนเธ	40.00	7	21
51	22.00	2025-12-15 20:32:42.646183+07	5ae57d09-e072-4803-abd5-f05bd6d8c2fc.jpg	28	เน€เธซเนเธ”เธเธฃเธฐเธเนเธญเธHeera	30.00	16	21
53	25.00	2025-12-15 20:33:32.817028+07	8d4798ec-93ad-42d2-884d-4b30fc9a52ae.jpg	26	เธเนเธณเธเธฃเธดเธเน€เธเธฒเธเธฃเธฐเธเนเธญเธเน€เน€เธกเนเธเธฃเธฐเธเธญเธก	35.00	12	21
50	18.00	2025-12-15 20:32:26.461123+07	a979611c-326d-4414-b2cf-6331018a126e.png	38	เธ–เธฑเนเธงเธฅเธฑเธเน€เธ•เธฒเธเธฃเธฐเธเนเธญเธgreen peas	25.00	10	21
64	35.00	2025-12-16 00:40:27.792743+07	6fc2f486-18bb-4a3c-bcb6-7298af73947a.jpg	22	เน€เธเธ•เธฒเธ”เธตเธ	45.00	10	20
61	10.00	2025-12-16 00:39:46.080684+07	cf11777f-f208-4e1f-ae33-17e29a91ddea.jpg	93	เธขเธฒเธ”เธกเธ•เธฃเธฒPoy Sian	15.00	42	20
63	25.00	2025-12-16 00:40:14.080754+07	1ca111d6-7379-4b9e-82ad-cb4ca9bf63c9.png	104	เธซเธเนเธฒเธเธฒเธเธญเธเธฒเธกเธฑเธขQTM Mask	35.00	46	20
62	30.00	2025-12-16 00:39:59.577269+07	f748fb21-4fa3-4876-b154-7612f5cbeb61.jpg	59	เน€เธเธฅเนเธญเธฅเธเธญเธฎเธญเธฅเนHand Sanitizer	40.00	16	20
89	18.00	2025-12-16 00:50:10.196396+07	1654e8c7-af44-4cbc-a9f5-0fc6728fd083.jpg	71	เธชเธเธนเน LuxSakura Bloom	25.00	29	18
60	40.00	2025-12-16 00:39:32.014656+07	2f280c7c-9c5f-4aad-b404-be788e5ef16b.jpg	30	เธงเธดเธ•เธฒเธกเธดเธเธเธต	55.00	10	20
83	40.00	2025-12-16 00:48:36.771648+07	9c927450-9c03-4713-ae06-ad669168dbd2.jpg	35	เนเธฃเธฅเธญเธญเธRexona Shower	55.00	18	18
103	22.00	2025-12-16 00:56:46.001002+07	f7b63054-be2c-4143-886d-89c6d78e2d87.jpg	38	เธกเธฑเธเธเธดเธ	32.00	20	15
100	35.00	2025-12-16 00:56:04.159144+07	f438fd37-3e0e-4ec8-8180-b164fcfaf2b0.jpg	22	เน€เธเนเธเธเธฅเนเธงเธขเธซเธญเธก	50.00	10	15
39	23.00	2025-12-15 20:24:10.427398+07	53b1f410-0dfe-452a-b2a6-f9fc589b0761.jpg	45	เธเนเธณเธเธฅเธฒเธ—เธดเธเธฃเธช	30.00	5	23
48	10.00	2025-12-15 20:30:29.743501+07	7cef752a-f2be-4c64-a197-41bf4fe42019.jpg	31	เนเธซเธเธ	18.00	17	22
18	15.00	2025-12-15 20:11:40.194762+07	f5925256-a4f1-4c8c-be18-1c88c6ea9b88.jpg	61	เน€เธ—เธชเนเธ•เนเธฃเธชเธเธฒเธเธตเธเธดเธง	18.00	0	25
15	12.00	2025-12-15 20:10:20.847248+07	c04e84c7-ba3c-4cf9-965d-c6f29cfd7cfd.jpg	69	เนเธฅเธ•เธฑเธชเธฃเธชเนเธเนเธเธเธตเนเธ”	15.00	13	25
14	11.00	2025-12-15 20:09:50.496701+07	9a5b23c5-b178-47c3-bcdb-5e822f820934.jpg	83	เธเธฑเธเนเธญเธฃเธชเธเธฑเธ•เน€เธ•เธญเธฃเน	14.00	27	25
26	55.00	2025-12-15 20:16:24.18691+07	96bc8782-a0dc-4412-8c89-da57f5926a89.webp	46	เน€เธเธตเธขเธฃเนเธเนเธฒเธ	65.00	19	24
23	10.00	2025-12-15 20:15:14.171409+07	d9fabe96-97cd-4a23-bf7b-64d3cdcf29e2.webp	65	เธชเธเธญเธเน€เธเธญเธฃเนเธญเธญเธฃเธดเธเธดเธเธฑเธฅ	15.00	25	24
59	15.00	2025-12-15 20:35:53.619956+07	bc683b06-15e2-4c90-a0be-833a8b8fcd6a.jpg	70	เธเธฅเธฒเธเธฃเธฐเธเนเธญเธเธชเธฒเธกเนเธกเนเธเธฃเธฑเธง	20.00	23	21
52	30.00	2025-12-15 20:32:56.689136+07	fa0b7ac0-6d79-4590-87d8-6664aa5818a8.png	20	เธเธธเธเธเธฃเธฐเธเนเธญเธเนเธเธกเน€เธเธฅเธฅเนเธฃเธชเนเธเน	38.00	10	21
69	18.00	2025-12-16 00:41:33.071273+07	12be95e8-f548-4bbd-880e-f1ecd98e1290.jpg	65	เนเธ—เธฅเธดเธเธญเธฅ500เธกเธดเธฅเธฅเธดเธเธฃเธฑเธก	25.00	30	20
68	20.00	2025-12-16 00:41:21.850483+07	34d34f73-22c6-4302-8b0b-a97df8874971.jpg	47	เธขเธฒเนเธเนเนเธเนClarityn	28.00	23	20
67	15.00	2025-12-16 00:41:08.121135+07	170b8455-d0c0-4ff3-afdf-99e964911637.jpg	75	เธเธฅเธฒเธชเน€เธ•เธญเธฃเนเธเธดเธ”เนเธเธฅSOS PLUS	22.00	35	20
66	12.00	2025-12-16 00:40:51.929133+07	5169e46a-feac-470b-a0b8-112cc98e577c.png	55	เธเนเธณเน€เธเธฅเธทเธญKlean & Kare	18.00	25	20
79	5.00	2025-12-16 00:47:25.012945+07	404423ae-1421-49b6-9cf1-c6e68c4528b5.jpg	155	เธ”เธดเธเธชเธญ	10.00	25	19
19	17.00	2025-12-15 20:11:55.563241+07	df5177ac-250a-4770-91e7-d90af5e40fa7.png	94	เน€เธฅเธขเนเธฃเธชเธซเธกเธถเธเธขเนเธฒเธ	20.00	0	25
58	22.00	2025-12-15 20:35:35.26922+07	0135aa01-61a4-48d8-9851-1bfc9a188cc6.webp	40	เธกเธฒเธกเนเธฒเธเธฑเธเธฃเธชเธซเธกเธนเธชเธฑเธ	28.00	7	21
77	15.00	2025-12-16 00:47:03.676081+07	cff2a0d4-44a5-47ea-8880-590baba224b5.jpg	81	เธชเธกเธธเธ”	25.00	39	19
76	4.00	2025-12-16 00:46:51.11137+07	2f99eb20-ab28-4094-b787-3bf25ea5987c.jpg	97	เธขเธฒเธเธฅเธ	8.00	50	19
75	6.00	2025-12-16 00:46:36.886315+07	250a5cd9-17af-4a76-b1a9-e44740043eb4.jpg	96	เนเธกเนเธเธฃเธฃเธ—เธฑเธ”	10.00	44	19
73	35.00	2025-12-16 00:46:14.296685+07	57376cbf-e2bb-4f79-9206-41570270bf3e.jpg	33	เธ”เธดเธเธชเธญเธชเธต	50.00	17	19
72	18.00	2025-12-16 00:42:34.182978+07	ab1658a7-525d-4042-b229-abfbb54653a8.jpg	47	เธเธฒเธเธเธฒเน€เธกเธเธดเธ	25.00	23	19
71	20.00	2025-12-16 00:42:21.437453+07	4a5a46d4-7b53-40d3-95f7-59e0e71e3069.jpg	42	เนเธเนเธก	30.00	20	19
70	90.00	2025-12-16 00:42:01.162113+07	20473190-e3c4-4bc5-a49b-d5c6e8544785.jpg	31	เธเธฃเธฐเธ”เธฒเธฉ A4	120.00	9	19
88	45.00	2025-12-16 00:49:56.8288+07	cd837f25-ed7d-4f76-8a5a-6b2ae634f9ab.jpg	48	เธขเธฒเธชเธฃเธฐเธเธกTRESemme Keratin	60.00	17	18
87	35.00	2025-12-16 00:49:45.672986+07	265806fe-1794-425d-931c-84c76171e2f3.jpg	58	เธขเธฒเธชเธตเธเธฑเธColgate	50.00	22	18
86	20.00	2025-12-16 00:49:34.021212+07	1a8bfa8f-5e73-456f-9f52-0c42792694cd.jpg	66	เนเธเธฃเธเธชเธตเธเธฑเธ	30.00	22	18
85	55.00	2025-12-16 00:49:21.267073+07	44214b3f-71d0-4c97-9f3a-8ded39fe0628.jpg	35	เนเธเธกเธฅเนเธฒเธเธซเธเนเธฒperfect whip Blue	75.00	10	18
84	70.00	2025-12-16 00:48:57.379055+07	c185fa94-715b-4e5c-9fe3-ed327f919dd1.png	24	เนเธฅเธเธฑเนเธVaseline Healthy Bright	95.00	10	18
82	25.00	2025-12-16 00:48:17.318759+07	e71bba2e-fa9d-419a-ab04-8d5d56667293.png	69	เธกเธตเธ”เนเธเธ	35.00	26	18
81	22.00	2025-12-16 00:48:06.504075+07	27d48933-b88e-4fb6-92c6-70f02773fe17.jpg	94	เธ—เธดเธเธเธนเน	30.00	36	18
80	15.00	2025-12-16 00:47:53.360125+07	a9c25942-5d9b-47b1-b836-dc642cf5d195.jpg	79	เธชเธณเธฅเธตเธเธฑเธเธเนเธฒเธเธ•เธฃเธฒเธฃเธ–เธเธขเธฒเธเธฒเธฅ	22.00	31	18
11	14.00	2025-12-15 20:03:50.269576+07	366380ff-43ed-486c-af29-c175faad9a33.jpg	56	เธเธเธกเธเธฑเธเธเธฃเธญเธ	19.00	24	25
98	20.00	2025-12-16 00:54:01.845782+07	aeb38d0d-ab9c-45af-b451-5d1de948fb6f.jpg	52	เธงเธธเนเธเน€เธชเนเธOH RICEY	28.00	18	16
109	18.00	2025-12-16 00:58:12.210634+07	f30b6fb9-5197-4a59-8ebb-966ec4abed79.jpg	85	เธเธเธกเธเธฑเธเธเธฒเธฃเนเธกเน€เธฎเนเธฒเธชเน	25.00	20	15
97	120.00	2025-12-16 00:53:50.070943+07	718011eb-403d-45dd-bb34-ddea8c50aea0.jpg	30	เธเธฅเธฒเธซเธกเธถเธเนเธซเนเธ	150.00	12	16
96	140.00	2025-12-16 00:53:36.720521+07	242da06e-4fdb-4551-a572-daeb4753d757.png	16	เธเธธเนเธเนเธซเนเธ	180.00	7	16
95	90.00	2025-12-16 00:53:22.754205+07	03a266c1-01f1-4db1-b0e2-e52c282366db.jpg	31	เน€เธซเนเธ”เธซเธญเธกเนเธซเนเธ	120.00	3	16
94	35.00	2025-12-16 00:53:05.653335+07	6e11b919-2847-47b6-88c5-871b6456baa1.jpg	41	เธ–เธฑเนเธงเธฅเธดเธชเธเนเธฃเนเธ—เธดเธเธขเน	45.00	19	16
92	60.00	2025-12-16 00:51:15.385627+07	b9b8f1a5-6251-4e13-a2b7-0c7d17f621df.png	35	เธเธฃเธดเธเนเธซเนเธ	80.00	11	16
93	120.00	2025-12-16 00:52:53.08615+07	1f63f18e-1676-440d-9e85-e945425b8610.jpg	33	เธเนเธฒเธงเธชเธฒเธฃเธ–เธธเธเน€เธฅเนเธเธ•เธฃเธฒเธกเธฒเธเธธเธ“เธเธฃเธญเธ	150.00	12	16
91	55.00	2025-12-16 00:50:55.74757+07	5ae59e3e-b825-490e-abc8-2d78b98c384f.jpg	44	เธเธฅเธฒเนเธซเนเธ	75.00	11	16
90	50.00	2025-12-16 00:50:43.148502+07	c6a8c3bc-49b4-4deb-ac8b-2684b1d7147b.jpg	42	เน€เธชเนเธเธเนเธงเธขเน€เธ•เธตเนเธขเธง	70.00	18	16
108	22.00	2025-12-16 00:57:54.599893+07	7321c6b6-5c6d-41b1-a404-39969fd35b9f.png	53	เธเธฃเธฑเธงเธเธญเธเธ•เน	30.00	12	15
107	20.00	2025-12-16 00:57:37.767483+07	83570184-05ae-47c9-9a52-8e05122a4517.jpg	63	เนเธ”เธเธฑเธ—	28.00	22	15
106	45.00	2025-12-16 00:57:23.43013+07	8f035588-aea4-43de-80cb-92789e537b1e.jpg	42	เน€เธเนเธเธเธฅเนเธญเธ	60.00	3	15
104	30.00	2025-12-16 00:56:58.882047+07	1fefc448-7b61-4024-8a92-23aa27bc9b04.jpg	40	เธเธฃเธฒเธงเธเธตเน	45.00	7	15
105	25.00	2025-12-16 00:57:11.473567+07	e9c016af-0699-438f-92f7-1c2624e5c8f3.jpg	45	เธ—เธฒเธฃเนเธ•เนเธเนเธเธฅเนเธญเธเน€เธฅเนเธ	35.00	13	15
101	30.00	2025-12-16 00:56:19.296594+07	e718f19c-2db2-406d-a68e-d765cce82a43.jpg	42	เนเธเธเธ”เนเธงเธดเธ	45.00	8	15
102	28.00	2025-12-16 00:56:33.696536+07	edea7141-e444-45cd-85ad-ddd8578503ab.jpg	55	เธเธธเธเธเธตเน	40.00	17	15
78	7.00	2025-12-16 00:47:14.140904+07	09d1a9d2-954b-44e8-bc75-4a26d4e90413.jpg	144	เธเธฒเธเธเธฒ	12.00	21	19
65	14.00	2025-12-16 00:40:39.936493+07	d0ea1c64-66ce-4944-b7d2-75260b6d0a09.jpg	53	เธชเธณเธฅเธตเนเธเนเธเธ•เธฃเธฒเธฃเธ–เธเธขเธฒเธเธฒเธฅ	20.00	23	20
99	6.00	2025-12-16 00:54:19.613341+07	993472d1-a1b2-4db6-9ff4-692362cf2fdc.jpg	253	เธกเธฒเธกเนเธฒเธเธญเธเธ•เนเธกเธขเธณเธเธธเนเธ เธซเธกเธนเธชเธฑเธ เธเนเธณเธเนเธ	8.00	97	16
33	22.00	2025-12-15 20:21:56.834253+07	c7340c8a-72d9-4ccb-978b-e2769cade635.png	47	เธเนเธณเธ•เธฒเธฅเธ—เธฃเธฒเธขเธเธฒเธงเธกเธดเธ•เธฃเธเธฅ	28.00	5	23
74	8.00	2025-12-16 00:46:25.77111+07	02aad154-d8af-4723-ae6d-9d0442aee0c0.jpg	70	เธเธฒเธงเนเธ—เนเธ	15.00	20	19
\.


--
-- Data for Name: sale_items; Type: TABLE DATA; Schema: public; Owner: postgres
--

COPY public.sale_items (id, sale_id, product_id, product_name, qty, price, sub_total) FROM stdin;
1	11	19	เน€เธฅเธขเน	1	20.00	20.00
2	12	19	เน€เธฅเธขเน	1	20.00	20.00
3	13	19	เน€เธฅเธขเน	1	20.00	20.00
4	14	19	เน€เธฅเธขเน	1	20.00	20.00
5	15	19	เน€เธฅเธขเน	1	20.00	20.00
6	16	19	เน€เธฅเธขเน	1	20.00	20.00
7	17	19	เน€เธฅเธขเน	1	20.00	20.00
8	18	19	เน€เธฅเธขเน	1	20.00	20.00
41	51	19	เน€เธฅเธขเน	1	20.00	20.00
42	52	18	เน€เธ—เธชเนเธ•เน	1	18.00	18.00
43	53	17	เธชเนเธเนเธเนเธเนเธ	1	17.00	17.00
44	54	18	เน€เธ—เธชเนเธ•เน	1	18.00	18.00
45	55	18	เน€เธ—เธชเนเธ•เน	1	18.00	18.00
46	56	19	เน€เธฅเธขเน	1	20.00	20.00
47	57	17	เธชเนเธเนเธเนเธเนเธ	1	17.00	17.00
48	58	29	เธเธฃเธดเธชเธ•เธฑเธฅ	1	10.00	10.00
81	91	18	เน€เธ—เธชเนเธ•เน	1	18.00	18.00
82	92	17	เธชเนเธเนเธเนเธเนเธ	12	17.00	204.00
83	93	18	เน€เธ—เธชเนเธ•เน	1	18.00	18.00
84	94	116	5	1	10.00	10.00
85	95	29	เธเธฃเธดเธชเธ•เธฑเธฅ	1	10.00	10.00
86	96	28	เนเธเนเธ	1	15.00	15.00
87	97	28	เนเธเนเธ	11	15.00	165.00
88	98	44	เธ–เนเธฒเธเธฃเธตเนเธกเธ—	11	30.00	330.00
89	99	79	เธ”เธดเธเธชเธญ	30	10.00	300.00
90	100	15	เนเธฅเธ•เธฑเธช	2	15.00	30.00
91	100	14	เธเธฑเธเนเธญ	1	14.00	14.00
92	101	22	เน€เธญเนเธกเธฃเนเธญเธข	2	16.00	32.00
93	101	32	เน€เธเธฅเธทเธญ	2	12.00	24.00
94	102	73	เธ”เธดเธเธชเธญเธชเธต	3	50.00	150.00
95	102	95	เน€เธซเนเธ”เธซเธญเธกเนเธซเนเธ	1	120.00	120.00
96	103	15	เนเธฅเธ•เธฑเธช	3	15.00	45.00
97	103	27	เธญเธดเธเธดเธ•เธฑเธ	2	15.00	30.00
98	103	98	เธงเธธเนเธเน€เธชเนเธ	3	28.00	84.00
99	103	24	เธฅเธตเนเธญ	2	62.00	124.00
100	104	61	เธขเธฒเธ”เธก	1	15.00	15.00
101	105	33	เธเนเธณเธ•เธฒเธฅเธ—เธฃเธฒเธข	3	28.00	84.00
102	105	63	เธซเธเนเธฒเธเธฒเธเธญเธเธฒเธกเธฑเธข	3	35.00	105.00
103	105	78	เธเธฒเธเธเธฒ	2	12.00	24.00
104	105	104	เธเธฃเธฒเธงเธเธตเน	2	45.00	90.00
105	106	36	เธเธตเธญเธดเนเธงเธเธฒเธง	3	27.00	81.00
106	106	16	เธ•เธฐเธงเธฑเธ	2	16.00	32.00
107	106	50	เธ–เธฑเนเธงเธฅเธฑเธเน€เธ•เธฒ	1	25.00	25.00
108	106	59	เธเธฅเธฒเธเธฃเธฐเธเนเธญเธ	3	20.00	60.00
109	107	11	เธเธเธกเธเธฑเธเธเธฃเธญเธ	1	19.00	19.00
110	107	92	เธเธฃเธดเธเนเธซเนเธ	3	80.00	240.00
111	108	35	เธเนเธณเธเธดเนเธกเธชเธธเธเธตเน	3	35.00	105.00
112	108	99	เธกเธฒเธกเนเธฒเธเธญเธ	3	8.00	24.00
113	108	29	เธเธฃเธดเธชเธ•เธฑเธฅ	1	10.00	10.00
114	108	15	เนเธฅเธ•เธฑเธช	2	15.00	30.00
115	109	102	เธเธธเธเธเธตเน	2	40.00	80.00
116	109	81	เธ—เธดเธเธเธนเน	3	30.00	90.00
117	110	109	เธเธเธกเธเธฑเธ	2	25.00	50.00
118	110	30	เธเธญเธชเธเธฃเธดเธ	3	27.00	81.00
119	110	10	เน€เธงเน€เธเธญเธฃเน	2	18.00	36.00
120	111	40	เธเนเธณเธขเธฒเธฅเนเธฒเธเธเธฒเธ	3	40.00	120.00
121	112	85	เนเธเธกเธฅเนเธฒเธเธซเธเนเธฒ	1	75.00	75.00
122	112	95	เน€เธซเนเธ”เธซเธญเธกเนเธซเนเธ	2	120.00	240.00
123	112	43	เนเธกเนเธ–เธนเธเธทเนเธ	2	120.00	240.00
124	113	91	เธเธฅเธฒเนเธซเนเธ	2	75.00	150.00
125	113	36	เธเธตเธญเธดเนเธงเธเธฒเธง	1	27.00	27.00
126	114	50	เธ–เธฑเนเธงเธฅเธฑเธเน€เธ•เธฒ	1	25.00	25.00
127	114	106	เน€เธเนเธเธเธฅเนเธญเธ	1	60.00	60.00
128	114	77	เธชเธกเธธเธ”	1	25.00	25.00
129	115	54	เธ—เธนเธเนเธฒเธเธฃเธฐเธเนเธญเธ	3	40.00	120.00
130	115	42	เธ–เธฑเธเธเธขเธฐ	3	110.00	330.00
131	115	106	เน€เธเนเธเธเธฅเนเธญเธ	3	60.00	180.00
132	115	79	เธ”เธดเธเธชเธญ	2	10.00	20.00
133	116	34	เธเนเธณเธกเธฑเธเธเธทเธ	2	55.00	110.00
134	116	92	เธเธฃเธดเธเนเธซเนเธ	1	80.00	80.00
135	117	15	เนเธฅเธ•เธฑเธช	1	15.00	15.00
136	117	35	เธเนเธณเธเธดเนเธกเธชเธธเธเธตเน	1	35.00	35.00
137	118	70	เธเธฃเธฐเธ”เธฒเธฉ A4	2	120.00	240.00
138	118	97	เธเธฅเธฒเธซเธกเธถเธเนเธซเนเธ	1	150.00	150.00
139	118	108	เธเธฃเธฑเธงเธเธญเธเธ•เน	3	30.00	90.00
140	119	101	เนเธเธเธ”เนเธงเธดเธ	1	45.00	45.00
141	119	96	เธเธธเนเธเนเธซเนเธ	1	180.00	180.00
142	119	24	เธฅเธตเนเธญ	3	62.00	186.00
143	120	109	เธเธเธกเธเธฑเธ	2	25.00	50.00
144	121	106	เน€เธเนเธเธเธฅเนเธญเธ	3	60.00	180.00
145	121	16	เธ•เธฐเธงเธฑเธ	3	16.00	48.00
146	122	14	เธเธฑเธเนเธญ	2	14.00	28.00
147	123	25	เนเธเธเธ•เนเธฒ	1	15.00	15.00
148	123	104	เธเธฃเธฒเธงเธเธตเน	2	45.00	90.00
149	123	109	เธเธเธกเธเธฑเธ	1	25.00	25.00
150	123	87	เธขเธฒเธชเธตเธเธฑเธ	1	50.00	50.00
151	124	85	เนเธเธกเธฅเนเธฒเธเธซเธเนเธฒ	3	75.00	225.00
152	125	40	เธเนเธณเธขเธฒเธฅเนเธฒเธเธเธฒเธ	1	40.00	40.00
153	125	63	เธซเธเนเธฒเธเธฒเธเธญเธเธฒเธกเธฑเธข	1	35.00	35.00
154	125	64	เน€เธเธ•เธฒเธ”เธตเธ	2	45.00	90.00
155	125	101	เนเธเธเธ”เนเธงเธดเธ	1	45.00	45.00
156	126	105	เธ—เธฒเธฃเนเธ•เนเธเน	2	35.00	70.00
157	126	30	เธเธญเธชเธเธฃเธดเธ	3	27.00	81.00
158	127	79	เธ”เธดเธเธชเธญ	3	10.00	30.00
159	127	70	เธเธฃเธฐเธ”เธฒเธฉ A4	2	120.00	240.00
160	127	86	เนเธเธฃเธเธชเธตเธเธฑเธ	3	30.00	90.00
161	128	58	เธกเธฒเธกเนเธฒเธเธฃเธฐเธเนเธญเธ	3	28.00	84.00
162	129	67	เธเธฅเธฒเธชเน€เธ•เธญเธฃเน	3	22.00	66.00
163	129	88	เธขเธฒเธชเธฃเธฐเธเธก	3	60.00	180.00
164	129	97	เธเธฅเธฒเธซเธกเธถเธเนเธซเนเธ	2	150.00	300.00
165	129	32	เน€เธเธฅเธทเธญ	2	12.00	24.00
166	130	74	เธเธฒเธงเนเธ—เนเธ	1	15.00	15.00
167	130	35	เธเนเธณเธเธดเนเธกเธชเธธเธเธตเน	3	35.00	105.00
168	131	97	เธเธฅเธฒเธซเธกเธถเธเนเธซเนเธ	1	150.00	150.00
169	131	68	เธขเธฒเนเธเนเนเธเน	1	28.00	28.00
170	131	82	เธกเธตเธ”เนเธเธ	2	35.00	70.00
171	131	19	เน€เธฅเธขเน	2	20.00	40.00
172	132	93	เธเนเธฒเธงเธชเธฒเธฃเธ–เธธเธเน€เธฅเนเธ	2	150.00	300.00
173	132	22	เน€เธญเนเธกเธฃเนเธญเธข	3	16.00	48.00
174	132	41	เธเนเธฒเน€เธเนเธ”เนเธ•เนเธฐ	2	35.00	70.00
175	132	24	เธฅเธตเนเธญ	3	62.00	186.00
176	133	69	เนเธ—เธฅเธดเธเธญเธฅ500เธกเธดเธฅเธฅเธดเธเธฃเธฑเธก	3	25.00	75.00
177	134	18	เน€เธ—เธชเนเธ•เน	1	18.00	18.00
178	134	90	เน€เธชเนเธเธเนเธงเธขเน€เธ•เธตเนเธขเธง	3	70.00	210.00
179	134	109	เธเธเธกเธเธฑเธ	3	25.00	75.00
180	134	107	เนเธ”เธเธฑเธ—	3	28.00	84.00
181	135	50	เธ–เธฑเนเธงเธฅเธฑเธเน€เธ•เธฒ	1	25.00	25.00
182	135	85	เนเธเธกเธฅเนเธฒเธเธซเธเนเธฒ	1	75.00	75.00
183	136	106	เน€เธเนเธเธเธฅเนเธญเธ	3	60.00	180.00
184	137	104	เธเธฃเธฒเธงเธเธตเน	2	45.00	90.00
185	137	27	เธญเธดเธเธดเธ•เธฑเธ	1	15.00	15.00
186	137	29	เธเธฃเธดเธชเธ•เธฑเธฅ	2	10.00	20.00
187	138	66	เธเนเธณเน€เธเธฅเธทเธญ	1	18.00	18.00
188	138	15	เนเธฅเธ•เธฑเธช	1	15.00	15.00
189	138	70	เธเธฃเธฐเธ”เธฒเธฉ A4	1	120.00	120.00
190	139	34	เธเนเธณเธกเธฑเธเธเธทเธ	2	55.00	110.00
191	139	101	เนเธเธเธ”เนเธงเธดเธ	3	45.00	135.00
192	139	19	เน€เธฅเธขเน	3	20.00	60.00
193	140	37	เธเธญเธชเธซเธญเธข	1	32.00	32.00
194	140	57	เธเนเธฒเธงเนเธเธ”เธเธฃเธฐเธเนเธญเธ	2	25.00	50.00
195	141	50	เธ–เธฑเนเธงเธฅเธฑเธเน€เธ•เธฒ	1	25.00	25.00
196	142	106	เน€เธเนเธเธเธฅเนเธญเธ	2	60.00	120.00
197	142	68	เธขเธฒเนเธเนเนเธเน	1	28.00	28.00
198	142	69	เนเธ—เธฅเธดเธเธญเธฅ500เธกเธดเธฅเธฅเธดเธเธฃเธฑเธก	1	25.00	25.00
199	143	10	เน€เธงเน€เธเธญเธฃเน	1	18.00	18.00
200	144	91	เธเธฅเธฒเนเธซเนเธ	1	75.00	75.00
201	144	40	เธเนเธณเธขเธฒเธฅเนเธฒเธเธเธฒเธ	1	40.00	40.00
202	145	58	เธกเธฒเธกเนเธฒเธเธฃเธฐเธเนเธญเธ	1	28.00	28.00
203	145	21	เธเธฒเนเธเธเธฃเธฐเธเนเธญเธ	1	18.00	18.00
204	145	104	เธเธฃเธฒเธงเธเธตเน	2	45.00	90.00
205	146	40	เธเนเธณเธขเธฒเธฅเนเธฒเธเธเธฒเธ	3	40.00	120.00
206	146	97	เธเธฅเธฒเธซเธกเธถเธเนเธซเนเธ	2	150.00	300.00
207	146	13	เธเนเธญเธเธเธญเธฃเนเธ	1	25.00	25.00
208	147	91	เธเธฅเธฒเนเธซเนเธ	1	75.00	75.00
209	147	71	เนเธเนเธก	1	30.00	30.00
210	147	24	เธฅเธตเนเธญ	1	62.00	62.00
211	148	70	เธเธฃเธฐเธ”เธฒเธฉ A4	1	120.00	120.00
212	148	16	เธ•เธฐเธงเธฑเธ	2	16.00	32.00
213	148	102	เธเธธเธเธเธตเน	3	40.00	120.00
214	148	34	เธเนเธณเธกเธฑเธเธเธทเธ	3	55.00	165.00
215	149	20	เธเธกเธเธฅเนเธญเธ	3	20.00	60.00
216	150	56	เธ–เธฑเนเธงเนเธ”เธเธเธฃเธฐเธเนเธญเธ	1	27.00	27.00
217	150	25	เนเธเธเธ•เนเธฒ	2	15.00	30.00
218	151	92	เธเธฃเธดเธเนเธซเนเธ	3	80.00	240.00
219	151	72	เธเธฒเธเธเธฒเน€เธกเธเธดเธ	2	25.00	50.00
220	151	60	เธงเธดเธ•เธฒเธกเธดเธเธเธต	3	55.00	165.00
221	152	58	เธกเธฒเธกเนเธฒเธเธฃเธฐเธเนเธญเธ	1	28.00	28.00
222	152	108	เธเธฃเธฑเธงเธเธญเธเธ•เน	2	30.00	60.00
223	153	19	เน€เธฅเธขเน	3	20.00	60.00
224	154	98	เธงเธธเนเธเน€เธชเนเธ	1	28.00	28.00
225	154	69	เนเธ—เธฅเธดเธเธญเธฅ500เธกเธดเธฅเธฅเธดเธเธฃเธฑเธก	1	25.00	25.00
226	155	104	เธเธฃเธฒเธงเธเธตเน	1	45.00	45.00
227	155	45	เธเธฒเธงเธ•เธฃเธฒเธเนเธฒเธ	2	25.00	50.00
228	155	41	เธเนเธฒเน€เธเนเธ”เนเธ•เนเธฐ	3	35.00	105.00
229	156	57	เธเนเธฒเธงเนเธเธ”เธเธฃเธฐเธเนเธญเธ	1	25.00	25.00
230	156	89	เธชเธเธนเน	1	25.00	25.00
231	156	95	เน€เธซเนเธ”เธซเธญเธกเนเธซเนเธ	3	120.00	360.00
232	157	10	เน€เธงเน€เธเธญเธฃเน	2	18.00	36.00
233	157	109	เธเธเธกเธเธฑเธ	1	25.00	25.00
234	158	60	เธงเธดเธ•เธฒเธกเธดเธเธเธต	1	55.00	55.00
235	158	50	เธ–เธฑเนเธงเธฅเธฑเธเน€เธ•เธฒ	2	25.00	50.00
236	158	46	เธเธฃเธฃเนเธเธฃเธ•เธฑเธ”เน€เธฅเนเธ	3	30.00	90.00
237	159	38	เธเธญเธชเนเธกเนเธเธเธตเน	3	29.00	87.00
238	159	42	เธ–เธฑเธเธเธขเธฐ	1	110.00	110.00
239	160	90	เน€เธชเนเธเธเนเธงเธขเน€เธ•เธตเนเธขเธง	1	70.00	70.00
240	160	91	เธเธฅเธฒเนเธซเนเธ	2	75.00	150.00
241	161	93	เธเนเธฒเธงเธชเธฒเธฃเธ–เธธเธเน€เธฅเนเธ	1	150.00	150.00
242	161	46	เธเธฃเธฃเนเธเธฃเธ•เธฑเธ”เน€เธฅเนเธ	2	30.00	60.00
243	161	80	เธชเธณเธฅเธตเธเธฑเธเธเนเธฒเธ	2	22.00	44.00
244	162	75	เนเธกเนเธเธฃเธฃเธ—เธฑเธ”	1	10.00	10.00
245	162	97	เธเธฅเธฒเธซเธกเธถเธเนเธซเนเธ	3	150.00	450.00
246	163	48	เนเธซเธเธ	2	18.00	36.00
247	163	58	เธกเธฒเธกเนเธฒเธเธฃเธฐเธเนเธญเธ	1	28.00	28.00
248	163	10	เน€เธงเน€เธเธญเธฃเน	1	18.00	18.00
249	164	22	เน€เธญเนเธกเธฃเนเธญเธข	3	16.00	48.00
250	164	86	เนเธเธฃเธเธชเธตเธเธฑเธ	1	30.00	30.00
251	165	61	เธขเธฒเธ”เธก	2	15.00	30.00
252	165	26	เธเนเธฒเธ	1	65.00	65.00
253	165	104	เธเธฃเธฒเธงเธเธตเน	3	45.00	135.00
254	165	36	เธเธตเธญเธดเนเธงเธเธฒเธง	2	27.00	54.00
255	166	65	เธชเธณเธฅเธตเนเธเนเธ	2	20.00	40.00
256	166	49	เธซเธงเธต	1	20.00	20.00
257	166	82	เธกเธตเธ”เนเธเธ	2	35.00	70.00
258	166	53	เธเนเธณเธเธฃเธดเธเน€เธเธฒเธเธฃเธฐเธเนเธญเธ	2	35.00	70.00
259	167	71	เนเธเนเธก	1	30.00	30.00
260	167	49	เธซเธงเธต	3	20.00	60.00
261	167	22	เน€เธญเนเธกเธฃเนเธญเธข	3	16.00	48.00
262	168	21	เธเธฒเนเธเธเธฃเธฐเธเนเธญเธ	1	18.00	18.00
263	168	34	เธเนเธณเธกเธฑเธเธเธทเธ	2	55.00	110.00
264	169	95	เน€เธซเนเธ”เธซเธญเธกเนเธซเนเธ	3	120.00	360.00
265	169	58	เธกเธฒเธกเนเธฒเธเธฃเธฐเธเนเธญเธ	2	28.00	56.00
266	169	66	เธเนเธณเน€เธเธฅเธทเธญ	2	18.00	36.00
267	170	37	เธเธญเธชเธซเธญเธข	3	32.00	96.00
268	171	45	เธเธฒเธงเธ•เธฃเธฒเธเนเธฒเธ	1	25.00	25.00
269	171	86	เนเธเธฃเธเธชเธตเธเธฑเธ	2	30.00	60.00
270	172	12	เน€เธขเธฅเธฅเธตเน	2	15.00	30.00
271	173	42	เธ–เธฑเธเธเธขเธฐ	3	110.00	330.00
272	173	97	เธเธฅเธฒเธซเธกเธถเธเนเธซเนเธ	3	150.00	450.00
273	174	60	เธงเธดเธ•เธฒเธกเธดเธเธเธต	1	55.00	55.00
274	174	109	เธเธเธกเธเธฑเธ	1	25.00	25.00
275	175	44	เธ–เนเธฒเธเธฃเธตเนเธกเธ—	2	30.00	60.00
276	176	65	เธชเธณเธฅเธตเนเธเนเธ	3	20.00	60.00
277	176	62	เน€เธเธฅเนเธญเธฅเธเธญเธฎเธญเธฅเน	3	40.00	120.00
278	176	74	เธเธฒเธงเนเธ—เนเธ	2	15.00	30.00
279	177	44	เธ–เนเธฒเธเธฃเธตเนเธกเธ—	3	30.00	90.00
280	177	59	เธเธฅเธฒเธเธฃเธฐเธเนเธญเธ	1	20.00	20.00
281	177	62	เน€เธเธฅเนเธญเธฅเธเธญเธฎเธญเธฅเน	1	40.00	40.00
282	178	101	เนเธเธเธ”เนเธงเธดเธ	2	45.00	90.00
283	179	94	เธ–เธฑเนเธงเธฅเธดเธชเธ	1	45.00	45.00
284	179	48	เนเธซเธเธ	1	18.00	18.00
285	179	87	เธขเธฒเธชเธตเธเธฑเธ	2	50.00	100.00
286	179	80	เธชเธณเธฅเธตเธเธฑเธเธเนเธฒเธ	2	22.00	44.00
287	180	20	เธเธกเธเธฅเนเธญเธ	1	20.00	20.00
288	180	54	เธ—เธนเธเนเธฒเธเธฃเธฐเธเนเธญเธ	2	40.00	80.00
289	181	50	เธ–เธฑเนเธงเธฅเธฑเธเน€เธ•เธฒ	2	25.00	50.00
290	181	37	เธเธญเธชเธซเธญเธข	1	32.00	32.00
291	182	41	เธเนเธฒเน€เธเนเธ”เนเธ•เนเธฐ	2	35.00	70.00
292	182	19	เน€เธฅเธขเน	2	20.00	40.00
293	183	41	เธเนเธฒเน€เธเนเธ”เนเธ•เนเธฐ	3	35.00	105.00
294	183	105	เธ—เธฒเธฃเนเธ•เนเธเน	3	35.00	105.00
295	183	84	เนเธฅเธเธฑเนเธ	2	95.00	190.00
296	183	104	เธเธฃเธฒเธงเธเธตเน	3	45.00	135.00
297	184	66	เธเนเธณเน€เธเธฅเธทเธญ	2	18.00	36.00
298	184	98	เธงเธธเนเธเน€เธชเนเธ	3	28.00	84.00
299	184	67	เธเธฅเธฒเธชเน€เธ•เธญเธฃเน	2	22.00	44.00
300	184	17	เธชเนเธเนเธเนเธเนเธ	1	17.00	17.00
301	185	28	เนเธเนเธ	3	15.00	45.00
302	185	57	เธเนเธฒเธงเนเธเธ”เธเธฃเธฐเธเนเธญเธ	1	25.00	25.00
303	185	91	เธเธฅเธฒเนเธซเนเธ	3	75.00	225.00
304	186	76	เธขเธฒเธเธฅเธ	2	8.00	16.00
305	187	42	เธ–เธฑเธเธเธขเธฐ	3	110.00	330.00
306	187	37	เธเธญเธชเธซเธญเธข	3	32.00	96.00
307	187	78	เธเธฒเธเธเธฒ	2	12.00	24.00
308	188	81	เธ—เธดเธเธเธนเน	1	30.00	30.00
309	188	108	เธเธฃเธฑเธงเธเธญเธเธ•เน	3	30.00	90.00
310	189	30	เธเธญเธชเธเธฃเธดเธ	3	27.00	81.00
311	190	39	เธเนเธณเธเธฅเธฒเธ—เธดเธเธฃเธช	10	30.00	300.00
312	190	33	เธเนเธณเธ•เธฒเธฅเธ—เธฃเธฒเธขเธเธฒเธงเธกเธดเธ•เธฃเธเธฅ	10	28.00	280.00
313	190	78	เธเธฒเธเธเธฒ	30	12.00	360.00
314	190	74	เธเธฒเธงเนเธ—เนเธ	7	15.00	105.00
315	191	19	เน€เธฅเธขเนเธฃเธชเธซเธกเธถเธเธขเนเธฒเธ	3	20.00	60.00
316	191	59	เธเธฅเธฒเธเธฃเธฐเธเนเธญเธเธชเธฒเธกเนเธกเนเธเธฃเธฑเธง	1	20.00	20.00
317	192	38	เธเธญเธชเนเธกเนเธเธเธตเน	15	29.00	435.00
\.


--
-- Data for Name: sales; Type: TABLE DATA; Schema: public; Owner: postgres
--

COPY public.sales (id, sold_at, sold_by, total_price, user_id) FROM stdin;
11	2026-01-11 19:16:04.738732+07	36	20.00	\N
12	2026-01-11 19:16:07.180187+07	36	20.00	\N
13	2026-01-11 19:16:08.775413+07	36	20.00	\N
14	2026-01-11 19:16:10.572952+07	36	20.00	\N
15	2026-01-11 19:35:56.503407+07	36	20.00	\N
16	2026-01-12 03:22:00.718689+07	36	20.00	\N
17	2026-01-12 03:22:31.359246+07	36	20.00	\N
18	2026-01-12 03:41:38.212574+07	36	20.00	\N
51	2026-01-12 19:37:48.55105+07	36	20.00	\N
52	2026-01-13 01:41:15.76573+07	36	18.00	\N
53	2026-01-13 02:19:23.180996+07	36	17.00	\N
54	2026-01-13 02:19:37.195925+07	36	18.00	\N
55	2026-01-13 02:19:47.485899+07	36	18.00	\N
56	2026-01-13 02:20:01.155341+07	36	20.00	\N
57	2026-01-13 05:57:08.914236+07	39	17.00	\N
58	2026-01-13 17:38:31.518484+07	37	10.00	\N
91	2026-01-13 19:29:26.583853+07	39	18.00	\N
92	2026-01-13 19:31:55.802059+07	39	204.00	\N
93	2026-01-13 19:35:03.416517+07	37	18.00	\N
94	2026-01-15 19:15:51.726587+07	37	10.00	\N
95	2026-02-15 00:05:55.083118+07	39	10.00	\N
96	2026-02-15 00:07:31.531824+07	39	15.00	\N
97	2026-02-15 00:07:42.901519+07	39	165.00	\N
98	2026-02-15 00:36:47.717987+07	39	330.00	\N
99	2026-02-15 00:38:00.586759+07	39	300.00	\N
100	2025-10-05 15:00:00+07	37	44.00	\N
101	2025-09-03 19:31:00+07	37	56.00	\N
102	2025-09-01 20:09:00+07	37	270.00	\N
103	2025-09-25 11:15:00+07	37	283.00	\N
104	2025-09-07 10:27:00+07	37	15.00	\N
105	2025-09-24 13:50:00+07	37	303.00	\N
106	2025-09-12 15:29:00+07	37	198.00	\N
107	2025-09-13 12:37:00+07	37	259.00	\N
108	2025-09-10 15:24:00+07	37	169.00	\N
109	2025-09-13 12:38:00+07	37	170.00	\N
110	2025-09-10 12:50:00+07	37	167.00	\N
111	2025-09-15 11:53:00+07	37	120.00	\N
112	2025-09-10 16:30:00+07	37	555.00	\N
113	2025-09-08 11:24:00+07	37	177.00	\N
114	2025-09-06 15:07:00+07	37	110.00	\N
115	2025-10-31 09:24:00+07	37	650.00	\N
116	2025-10-28 18:07:00+07	37	190.00	\N
117	2025-10-04 17:20:00+07	37	50.00	\N
118	2025-10-07 09:08:00+07	37	480.00	\N
119	2025-10-15 16:48:00+07	37	411.00	\N
120	2025-10-27 15:21:00+07	37	50.00	\N
121	2025-10-01 09:20:00+07	37	228.00	\N
122	2025-10-08 20:46:00+07	37	28.00	\N
123	2025-10-06 09:53:00+07	37	180.00	\N
124	2025-10-16 09:13:00+07	37	225.00	\N
125	2025-10-14 18:40:00+07	37	210.00	\N
126	2025-10-19 18:14:00+07	37	151.00	\N
127	2025-10-25 12:28:00+07	37	360.00	\N
128	2025-10-12 20:09:00+07	37	84.00	\N
129	2025-10-06 09:52:00+07	37	570.00	\N
130	2025-11-06 14:23:00+07	37	120.00	\N
131	2025-11-13 20:37:00+07	37	288.00	\N
132	2025-11-10 19:07:00+07	37	604.00	\N
133	2025-11-30 18:30:00+07	37	75.00	\N
134	2025-11-02 12:51:00+07	37	387.00	\N
135	2025-11-19 20:25:00+07	37	100.00	\N
136	2025-11-21 16:24:00+07	37	180.00	\N
137	2025-11-27 14:13:00+07	37	125.00	\N
138	2025-11-13 16:02:00+07	37	153.00	\N
139	2025-11-07 18:41:00+07	37	305.00	\N
140	2025-11-17 19:11:00+07	37	82.00	\N
141	2025-11-25 18:35:00+07	37	25.00	\N
142	2025-11-10 20:09:00+07	37	173.00	\N
143	2025-11-15 13:23:00+07	37	18.00	\N
144	2025-11-21 14:21:00+07	37	115.00	\N
145	2025-12-04 12:07:00+07	37	136.00	\N
146	2025-12-12 13:09:00+07	37	445.00	\N
147	2025-12-02 17:36:00+07	37	167.00	\N
148	2025-12-06 09:54:00+07	37	437.00	\N
149	2025-12-25 09:30:00+07	37	60.00	\N
150	2025-12-12 20:09:00+07	37	57.00	\N
151	2025-12-03 11:18:00+07	37	455.00	\N
152	2025-12-02 16:48:00+07	37	88.00	\N
153	2025-12-17 12:56:00+07	37	60.00	\N
154	2025-12-09 18:19:00+07	37	53.00	\N
155	2025-12-17 14:54:00+07	37	200.00	\N
156	2025-12-21 16:26:00+07	37	410.00	\N
157	2025-12-29 14:38:00+07	37	61.00	\N
158	2025-12-18 13:24:00+07	37	195.00	\N
159	2025-12-29 20:55:00+07	37	197.00	\N
160	2025-12-19 16:03:00+07	37	220.00	\N
161	2025-12-16 19:06:00+07	37	254.00	\N
162	2025-12-26 13:15:00+07	37	460.00	\N
163	2026-01-13 16:16:00+07	37	82.00	\N
164	2026-01-25 20:48:00+07	37	78.00	\N
165	2026-01-15 14:11:00+07	37	284.00	\N
166	2026-01-13 17:28:00+07	37	200.00	\N
167	2026-01-20 19:11:00+07	37	138.00	\N
168	2026-01-07 19:20:00+07	37	128.00	\N
169	2026-01-31 14:14:00+07	37	452.00	\N
170	2026-01-23 20:11:00+07	37	96.00	\N
171	2026-01-27 10:37:00+07	37	85.00	\N
172	2026-01-11 15:49:00+07	37	30.00	\N
173	2026-01-07 16:21:00+07	37	780.00	\N
174	2026-01-20 13:51:00+07	37	80.00	\N
175	2026-01-16 11:33:00+07	37	60.00	\N
176	2026-02-08 10:01:00+07	37	210.00	\N
177	2026-02-06 19:01:00+07	37	150.00	\N
178	2026-02-06 09:08:00+07	37	90.00	\N
179	2026-02-16 18:25:00+07	37	207.00	\N
180	2026-02-21 17:29:00+07	37	100.00	\N
181	2026-02-26 09:57:00+07	37	82.00	\N
182	2026-02-16 18:55:00+07	37	110.00	\N
183	2026-02-01 19:14:00+07	37	535.00	\N
184	2026-02-18 15:56:00+07	37	181.00	\N
185	2026-02-07 15:20:00+07	37	295.00	\N
186	2026-02-03 16:30:00+07	37	16.00	\N
187	2026-02-18 18:03:00+07	37	450.00	\N
188	2026-02-09 19:54:00+07	37	120.00	\N
189	2026-02-03 10:10:00+07	37	81.00	\N
190	2026-02-17 18:21:44.078875+07	37	1045.00	\N
191	2026-02-17 19:02:48.252345+07	39	80.00	\N
192	2026-02-17 19:08:37.191414+07	37	435.00	\N
\.


--
-- Data for Name: users; Type: TABLE DATA; Schema: public; Owner: postgres
--

COPY public.users (id, created_at, email, enabled, last_login_at, password, role, username) FROM stdin;
41	2026-01-13 19:25:55.382807+07	puttimate@gmail.com	t	\N	$2a$10$R8lavLbcPqfPAYmh8eteu.ML8OP6uGRDqeS25BDI6k/2SZG/Jtz5q	STAFF	puttimate
38	2026-01-13 03:36:46.521426+07	rkdancertest@gmail.com	t	2026-01-13 07:55:27.940022+07	$2a$10$pb0GzOeLuWkS3UUWbmh7wO2Ems6l1ioHuSaNZzwnL61xVKyyTTPIW	ADMIN	asdas
44	2026-02-17 05:10:31.326655+07	papawarin.@gmail.com	t	2026-02-26 14:09:53.653028+07	$2a$10$C8U4DPhVK2CPjIP1RWk.GeyNC5jMt9yqAP1OY/Q5th5E0g4NgCjhC	STAFF	cop1
43	2026-02-16 19:27:05.273168+07	papawarin@gmail.com	t	2026-02-26 14:19:22.549277+07	$2a$10$Q2NPiGeoYLSeQg..dhZ0T.vgd6bCJHGVxVVjWm40gyFaqPXi4euxW	OWNER	cop
37	2026-01-13 02:59:19.795122+07	dfhgfhgjghjgh@gmail.com	t	2026-02-17 18:17:46.521382+07	$2a$10$Wl8cJhiFRE8f.3cqG26I5Oi9xTXwT/Hut36g1ZhFx9FQ/XgdF2gu6	OWNER	test
42	2026-02-16 19:26:22.344534+07	papawarin.cream@gmail.com	t	2026-02-17 18:25:31.112767+07	$2a$10$MjXSNEHifHtq2bpM8WvPcePh/HryLj/u1fUOMpdkSOAZLHQ3V2a8a	ADMIN	papawarin.cream@gmail.com
45	2026-02-17 18:56:57.802939+07	test@gmail.com	t	\N	$2a$10$4tXIbLnfKnMeMSrUWVUNFeSYY.LzUZOvpd9B/c5wuog61xb6Xef9K	OWNER	puttimatee
39	2026-01-13 04:22:01.272477+07	staff@mail.com	t	2026-02-17 18:57:18.62002+07	$2a$10$OK.87RMyyRxVeDL.U0b1E.2VhFnifqaF.FXeCs1Y9AA0f.qnvEGB2	STAFF	staff
36	2026-01-11 16:12:39.535631+07	hdhfg@gmail.com	f	2026-01-13 04:41:07.657364+07	$2a$10$L28it0Ou2Hki.55dZoVcDOqUseXySq6qkNw49MgWW1iUrzwRFok4y	STAFF	rkdancer
40	2026-01-13 07:56:07.973121+07	admin@mail.com	t	2026-02-17 19:09:57.16706+07	$2a$10$H8MC04atrxI2Ldbg.cxPAengCa7uOTI24KSjufJeylPJXxZOdAE4.	ADMIN	admin
\.


--
-- Name: audit_logs_id_seq; Type: SEQUENCE SET; Schema: public; Owner: postgres
--

SELECT pg_catalog.setval('public.audit_logs_id_seq', 398, true);


--
-- Name: auth_tokens_id_seq; Type: SEQUENCE SET; Schema: public; Owner: postgres
--

SELECT pg_catalog.setval('public.auth_tokens_id_seq', 295, true);


--
-- Name: categories_id_seq; Type: SEQUENCE SET; Schema: public; Owner: postgres
--

SELECT pg_catalog.setval('public.categories_id_seq', 34, true);


--
-- Name: password_reset_otp_id_seq; Type: SEQUENCE SET; Schema: public; Owner: postgres
--

SELECT pg_catalog.setval('public.password_reset_otp_id_seq', 14, true);


--
-- Name: products_id_seq; Type: SEQUENCE SET; Schema: public; Owner: postgres
--

SELECT pg_catalog.setval('public.products_id_seq', 118, true);


--
-- Name: sale_items_id_seq; Type: SEQUENCE SET; Schema: public; Owner: postgres
--

SELECT pg_catalog.setval('public.sale_items_id_seq', 317, true);


--
-- Name: sales_id_seq; Type: SEQUENCE SET; Schema: public; Owner: postgres
--

SELECT pg_catalog.setval('public.sales_id_seq', 192, true);


--
-- Name: users_id_seq; Type: SEQUENCE SET; Schema: public; Owner: postgres
--

SELECT pg_catalog.setval('public.users_id_seq', 45, true);


--
-- Name: audit_logs audit_logs_pkey; Type: CONSTRAINT; Schema: public; Owner: postgres
--

ALTER TABLE ONLY public.audit_logs
    ADD CONSTRAINT audit_logs_pkey PRIMARY KEY (id);


--
-- Name: auth_tokens auth_tokens_pkey; Type: CONSTRAINT; Schema: public; Owner: postgres
--

ALTER TABLE ONLY public.auth_tokens
    ADD CONSTRAINT auth_tokens_pkey PRIMARY KEY (id);


--
-- Name: categories categories_pkey; Type: CONSTRAINT; Schema: public; Owner: postgres
--

ALTER TABLE ONLY public.categories
    ADD CONSTRAINT categories_pkey PRIMARY KEY (id);


--
-- Name: password_reset_otp password_reset_otp_pkey; Type: CONSTRAINT; Schema: public; Owner: postgres
--

ALTER TABLE ONLY public.password_reset_otp
    ADD CONSTRAINT password_reset_otp_pkey PRIMARY KEY (id);


--
-- Name: products products_pkey; Type: CONSTRAINT; Schema: public; Owner: postgres
--

ALTER TABLE ONLY public.products
    ADD CONSTRAINT products_pkey PRIMARY KEY (id);


--
-- Name: sale_items sale_items_pkey; Type: CONSTRAINT; Schema: public; Owner: postgres
--

ALTER TABLE ONLY public.sale_items
    ADD CONSTRAINT sale_items_pkey PRIMARY KEY (id);


--
-- Name: sales sales_pkey; Type: CONSTRAINT; Schema: public; Owner: postgres
--

ALTER TABLE ONLY public.sales
    ADD CONSTRAINT sales_pkey PRIMARY KEY (id);


--
-- Name: auth_tokens uk3wqaabxbp24ko89s7lkjxch2v; Type: CONSTRAINT; Schema: public; Owner: postgres
--

ALTER TABLE ONLY public.auth_tokens
    ADD CONSTRAINT uk3wqaabxbp24ko89s7lkjxch2v UNIQUE (token_hash);


--
-- Name: users uk6dotkott2kjsp8vw4d0m25fb7; Type: CONSTRAINT; Schema: public; Owner: postgres
--

ALTER TABLE ONLY public.users
    ADD CONSTRAINT uk6dotkott2kjsp8vw4d0m25fb7 UNIQUE (email);


--
-- Name: categories uk_categories_name; Type: CONSTRAINT; Schema: public; Owner: postgres
--

ALTER TABLE ONLY public.categories
    ADD CONSTRAINT uk_categories_name UNIQUE (name);


--
-- Name: users ukr43af9ap4edm43mmtq01oddj6; Type: CONSTRAINT; Schema: public; Owner: postgres
--

ALTER TABLE ONLY public.users
    ADD CONSTRAINT ukr43af9ap4edm43mmtq01oddj6 UNIQUE (username);


--
-- Name: users users_pkey; Type: CONSTRAINT; Schema: public; Owner: postgres
--

ALTER TABLE ONLY public.users
    ADD CONSTRAINT users_pkey PRIMARY KEY (id);


--
-- Name: sale_items fk_sale; Type: FK CONSTRAINT; Schema: public; Owner: postgres
--

ALTER TABLE ONLY public.sale_items
    ADD CONSTRAINT fk_sale FOREIGN KEY (sale_id) REFERENCES public.sales(id) ON DELETE CASCADE;


--
-- Name: products fkog2rp4qthbtt2lfyhfo32lsw9; Type: FK CONSTRAINT; Schema: public; Owner: postgres
--

ALTER TABLE ONLY public.products
    ADD CONSTRAINT fkog2rp4qthbtt2lfyhfo32lsw9 FOREIGN KEY (category_id) REFERENCES public.categories(id);


--
-- PostgreSQL database dump complete
--

\unrestrict vZ0Hhg2Y7dDB5vr5Ptnyfmb5V6yOfkOdXWMdDbAGTeao4WEJsWbbmDav5fQY0XF

